_id,category,country,company,brand,code,capacity,palatSize,price,image[0],description,netWeight,grossWeight,__v,stock,LocalPrice,freezonePrice,updatedAt,booked,coming,lastUpdateBy,createdAt,bl[0]._id,bl[1]._id,bl[2]._id,bl[3]._id,bl[4]._id,bl[5]._id,bl[6]._id,bl[7]._id,bl[8]._id,bl[9]._id,bl[0].code,bl[1].code,bl[2].code,bl[3].code,bl[4].code,bl[5].code,bl[6].code,bl[7].code,bl[8].code,bl[9].code,bl[0].qty,bl[1].qty,bl[2].qty,bl[3].qty,bl[4].qty,bl[5].qty,bl[6].qty,bl[7].qty,bl[8].qty,bl[9].qty,bl[0].date,bl[1].date,bl[2].date,bl[3].date,bl[4].date,bl[5].date,bl[6].date,bl[7].date,bl[8].date,bl[9].date,bl[0].warehouse,bl[1].warehouse,bl[2].warehouse,bl[3].warehouse,bl[4].warehouse,bl[5].warehouse,bl[6].warehouse,bl[7].warehouse,bl[8].warehouse,bl[9].warehouse,bl[0].status,bl[1].status,bl[2].status,bl[3].status,bl[4].status,bl[5].status,bl[6].status,bl[7].status,bl[8].status,bl[9].status,bl[0].booked,bl[1].booked,bl[2].booked,bl[3].booked,bl[4].booked,bl[5].booked,bl[6].booked,bl[7].booked,bl[8].booked,bl[9].booked
640876b90633afb54fd7a0f3,Battery,China,Enkeel,World East,12N5-BS,5 Ah,10,5.53,https://res.cloudinary.com/dwen6dx2a/image/upload/v1676527391/vhk7vmtc0dtguqoyvc7a.png,12 Volt with AGM technology and maintenance free design,1.02,1.92,0,50,6.93,6.09,2023-05-15T07:27:55.703Z,0,0,,,,,,,,,,,,,,,,,,,,,,,,,,,,,,,,,,,,,,,,,,,,,,,,,,,,,,,,,,,,,,,,,,,,,,,,
640878750633afb54fd7a0f9,Battery,China,Enkeel,World East,12N3-3A,3 Ah,20,4.46,https://res.cloudinary.com/dwen6dx2a/image/upload/v1676527391/vhk7vmtc0dtguqoyvc7a.png,12 Volt with AGM technology and maintenance free design,1.16,1.26,0,0,5.57,4.94,2023-05-15T07:27:55.703Z,0,0,,,,,,,,,,,,,,,,,,,,,,,,,,,,,,,,,,,,,,,,,,,,,,,,,,,,,,,,,,,,,,,,,,,,,,,,
6408790e0633afb54fd7a0fc,Battery,China,Enkeel,World East,YTX7A-BS,7 Ah,10,6.45,https://res.cloudinary.com/dwen6dx2a/image/upload/v1676527391/vhk7vmtc0dtguqoyvc7a.png,12 Volt with AGM technology and maintenance free design,2.45,2.55,1,300,8.08,7.1,2023-05-15T12:09:22.821Z,0,0,,,,,,,,,,,,,,,,,,,,,,,,,,,,,,,,,,,,,,,,,,,,,,,,,,,,,,,,,,,,,,,,,,,,,,,,
6408797a0633afb54fd7a0fd,Battery,China,Enkeel,World East,YTX7L-BS,7 Ah,10,6.45,https://res.cloudinary.com/dwen6dx2a/image/upload/v1676527391/vhk7vmtc0dtguqoyvc7a.png,12 Volt with AGM technology and maintenance free design,2.4,2.5,1,300,8.08,7.1,2023-05-15T12:09:22.820Z,0,0,,,,,,,,,,,,,,,,,,,,,,,,,,,,,,,,,,,,,,,,,,,,,,,,,,,,,,,,,,,,,,,,,,,,,,,,
640879ee0633afb54fd7a0fe,Battery,China,Enkeel,World East,YTX9-BS,9 Ah,10,7.99,https://res.cloudinary.com/dwen6dx2a/image/upload/v1676527391/vhk7vmtc0dtguqoyvc7a.png,12 Volt with AGM technology and maintenance free design,2.88,2.98,1,300,10,8.79,2023-05-15T12:09:22.818Z,0,0,,,,,,,,,,,,,,,,,,,,,,,,,,,,,,,,,,,,,,,,,,,,,,,,,,,,,,,,,,,,,,,,,,,,,,,,
64087a430633afb54fd7a100,Battery,China,Enkeel,World East,YTZ7S-BS,5 Ah,10,5.53,https://res.cloudinary.com/dwen6dx2a/image/upload/v1676527391/vhk7vmtc0dtguqoyvc7a.png,12 Volt with AGM technology and maintenance free design,1.8,1.9,1,50,6.9,6.0955,2023-05-15T12:09:22.814Z,0,0,,,,,,,,,,,,,,,,,,,,,,,,,,,,,,,,,,,,,,,,,,,,,,,,,,,,,,,,,,,,,,,,,,,,,,,,
64087ba10633afb54fd7a102,Battery,China,Enkeel,World East,YTX4L-BS,4 Ah,10,4.61,https://res.cloudinary.com/dvfuxrg12/image/upload/v1682751565/lf5wuu5pkqclqyxxjhjg.png,12 Volt with AGM technology and maintenance free design,1.4,1.5,0,1300,5.77,5.08,2023-05-15T07:27:55.703Z,0,0,,,,,,,,,,,,,,,,,,,,,,,,,,,,,,,,,,,,,,,,,,,,,,,,,,,,,,,,,,,,,,,,,,,,,,,,
64087c940633afb54fd7a103,Battery,China,Enkeel,World East,YTX5L-BS,5 Ah,10,5.53,https://res.cloudinary.com/dvfuxrg12/image/upload/v1682751465/rynlywwiomttke0qks9r.png,12 Volt with AGM technology and maintenance free design,1.1,1.2,0,300,6.93,6.09,2023-05-15T07:27:55.703Z,0,0,,,,,,,,,,,,,,,,,,,,,,,,,,,,,,,,,,,,,,,,,,,,,,,,,,,,,,,,,,,,,,,,,,,,,,,,
64087d850633afb54fd7a105,Battery,China,Enkeel,World East,12N9L-BS,9 Ah,10,7.99,https://res.cloudinary.com/dvfuxrg12/image/upload/v1682751487/zxlkmkceknoy2si1mlny.png,12 Volt with AGM technology and maintenance free design,2.86,2.96,0,50,10,8.79,2023-05-15T07:27:55.703Z,0,0,,,,,,,,,,,,,,,,,,,,,,,,,,,,,,,,,,,,,,,,,,,,,,,,,,,,,,,,,,,,,,,,,,,,,,,,
64087df60633afb54fd7a106,Battery,China,Enkeel,World East,12N6.5-BS,6.5 Ah,10,5.53,https://res.cloudinary.com/dvfuxrg12/image/upload/v1682751496/yzx1igzuukhwhn5ojlfk.png,12 Volt with AGM technology and maintenance free design,1.9,2,0,4800,6.93,6.5,2023-05-15T07:27:55.703Z,0,0,,,,,,,,,,,,,,,,,,,,,,,,,,,,,,,,,,,,,,,,,,,,,,,,,,,,,,,,,,,,,,,,,,,,,,,,
64087ec50633afb54fd7a107,Battery,China,Enkeel,Super Power,12N6.5-BS,6.5 Ah,10,5.23,https://res.cloudinary.com/dvfuxrg12/image/upload/v1682751520/b50xmnseuiydazzd9ctz.png,12 Volt with AGM technology and maintenance free design,1.9,2,0,9700,6.93,6.5,2023-05-15T07:27:55.703Z,0,0,,,,,,,,,,,,,,,,,,,,,,,,,,,,,,,,,,,,,,,,,,,,,,,,,,,,,,,,,,,,,,,,,,,,,,,,
64087f6c0633afb54fd7a108,Other,China,Suoer,Suoer,MA-1230AS,30 A,12,14.37,https://res.cloudinary.com/dvfuxrg12/image/upload/v1683210508/zlvo4yznlrnyopuf8py5.png,Applicable for 12V AGM/GEL battery,1,1.08,0,4485,18.17,15.81,2023-05-15T07:27:55.703Z,0,0,,,,,,,,,,,,,,,,,,,,,,,,,,,,,,,,,,,,,,,,,,,,,,,,,,,,,,,,,,,,,,,,,,,,,,,,
6408803d0633afb54fd7a109,Other,China,Suoer,Suoer,MA-1240A,40 A,12,19.05,https://res.cloudinary.com/dvfuxrg12/image/upload/v1682757046/kd0idft9kfh39v7yf06m.png,Applicable for 12V AGM/GEL battery,1.1,1.33,0,3297,24.01,20.96,2023-05-15T07:27:55.703Z,0,0,,,,,,,,,,,,,,,,,,,,,,,,,,,,,,,,,,,,,,,,,,,,,,,,,,,,,,,,,,,,,,,,,,,,,,,,
6408806d0633afb54fd7a10a,Other,China,Suoer,Suoer,MA-1250A,50 A,12,19.36,https://res.cloudinary.com/dvfuxrg12/image/upload/v1682752326/j6olc93ixmskdy69ouf8.png,Applicable for 12V AGM/GEL battery,1.1,1.33,0,2997,24.35,21.3,2023-05-15T07:27:55.703Z,0,0,,,,,,,,,,,,,,,,,,,,,,,,,,,,,,,,,,,,,,,,,,,,,,,,,,,,,,,,,,,,,,,,,,,,,,,,
6408c634aa7dd4c7ad6b0abe,Battery,India,LUMINOUS,LUMINOUS,NRGT+,200 Ah,20,152.89,https://res.cloudinary.com/dwen6dx2a/image/upload/v1676527391/vhk7vmtc0dtguqoyvc7a.png,"Built with superior plate design and high electrolyte volume, LUMINOUS inverter batteries deliver high performance each cycle & are capable to deliver long cycle life.",64,66,0,1600,177.1,161,2023-06-06T14:01:49.634Z,0,0,,,,,,,,,,,,,,,,,,,,,,,,,,,,,,,,,,,,,,,,,,,,,,,,,,,,,,,,,,,,,,,,,,,,,,,,
6408c669aa7dd4c7ad6b0abf,Battery,India,LUMINOUS,LUMINOUS,NRGT+,220 Ah,20,176.8,https://res.cloudinary.com/dvfuxrg12/image/upload/v1682752308/rfbf3iryxs0bo2fzkelw.png,"Built with superior plate design and high electrolyte volume, LUMINOUS inverter batteries deliver high performance each cycle & are capable to deliver long cycle life.",67.5,71,0,1610,201,183,2023-06-06T14:02:42.763Z,0,0,,,,,,,,,,,,,,,,,,,,,,,,,,,,,,,,,,,,,,,,,,,,,,,,,,,,,,,,,,,,,,,,,,,,,,,,
6408c69baa7dd4c7ad6b0ac0,Battery,India,Exide,INDEX,IT750,200 Ah,16,151.37,https://res.cloudinary.com/dvfuxrg12/image/upload/v1682751340/wlzdja0ouuvprcvbd6jv.png,"High Quality Tubular battery, From one on india's most recognizable manefacturers ",65,66,0,2062,189.75,165,2023-05-15T07:27:55.703Z,0,0,,,,,,,,,,,,,,,,,,,,,,,,,,,,,,,,,,,,,,,,,,,,,,,,,,,,,,,,,,,,,,,,,,,,,,,,
6408c7cfaa7dd4c7ad6b0ac2,Battery,China,FelicitySolar,FelicitySolar,LPBF24200-M,200 Ah / 5 KWH,1,1573.45,https://res.cloudinary.com/dvfuxrg12/image/upload/v1682751253/pjgy1jfh6szs9pgk2m9h.png,Lithium Technology with Anti-Arsinic protection. Keep up with your feeds through the LED screen,74,87,0,0,9,10,2023-05-17T16:55:09.348Z,0,0,,,,,,,,,,,,,,,,,,,,,,,,,,,,,,,,,,,,,,,,,,,,,,,,,,,,,,,,,,,,,,,,,,,,,,,,
6408c918aa7dd4c7ad6b0ac3,Battery,China,FelicitySolar,FelicitySolar,LPBA48200,200 Ah / 10 KWH,1,1735,https://res.cloudinary.com/dvfuxrg12/image/upload/v1682751291/nitrl1s9lnnpkpqyc0pt.png,"48 Volt, Lithium Technology with Anti-Arsinic protection. Keep up with your feeds through the LED screen",75,93,44,0,9,1800,2023-05-31T13:36:14.751Z,0,0,,,,,,,,,,,,,,,,,,,,,,,,,,,,,,,,,,,,,,,,,,,,,,,,,,,,,,,,,,,,,,,,,,,,,,,,
6408c9a4aa7dd4c7ad6b0ac4,Battery,China,FelicitySolar,FelicitySolar,LPBF48300,300 Ah / 15 KWH,1,1704.04,https://res.cloudinary.com/dvfuxrg12/image/upload/v1682752358/utfxkeoziolkcthhay8y.png,"48 Volt, Lithium Technology with Anti-Arsinic protection. Keep up with your feeds through the LED screen",160,177,44,20,9,1975,2023-06-06T14:03:14.796Z,0,0,,,,,,,,,,,,,,,,,,,,,,,,,,,,,,,,,,,,,,,,,,,,,,,,,,,,,,,,,,,,,,,,,,,,,,,,
6408cccfaa7dd4c7ad6b0ac7,Inverter,China,Suoer,Suoer,SUA-2000A,2000 VA,20,21.34,https://res.cloudinary.com/dvfuxrg12/image/upload/v1682751507/obwdku436wbx3uynx8cr.png,"Plug and play technology, with quite and very repairable design ",1.1,1.2,0,2400,27.01,23.487,2023-05-15T07:27:55.703Z,0,0,,,,,,,,,,,,,,,,,,,,,,,,,,,,,,,,,,,,,,,,,,,,,,,,,,,,,,,,,,,,,,,,,,,,,,,,
640f25bcc435f8c9a97be768,Solar,China,LONGi,HIMO 6,LR5-72HTH,560 w,31,0.2541,https://res.cloudinary.com/dwen6dx2a/image/upload/v1676527391/vhk7vmtc0dtguqoyvc7a.png,New design with higher efficiancy from the most recognizable manefacturer,0.048246,0.0516694,0,50,0.32,0.255,2023-05-31T13:36:32.035Z,0,0,,,,,,,,,,,,,,,,,,,,,,,,,,,,,,,,,,,,,,,,,,,,,,,,,,,,,,,,,,,,,,,,,,,,,,,,
640f25efc435f8c9a97be769,Solar,China,LONGi,HIMO 6,LR5-72HTH,565 w,31,0.2541,https://res.cloudinary.com/dwen6dx2a/image/upload/v1676527391/vhk7vmtc0dtguqoyvc7a.png,New design with higher efficiancy from the most recognizable manefacturer,0.048246,0.0516694,0,50,0.32,0.255,2023-05-31T13:36:33.704Z,0,0,,,,,,,,,,,,,,,,,,,,,,,,,,,,,,,,,,,,,,,,,,,,,,,,,,,,,,,,,,,,,,,,,,,,,,,,
640f2605c435f8c9a97be76a,Solar,China,LONGi,HIMO 6,LR5-72HTH,570 w,31,0.2541,https://res.cloudinary.com/dwen6dx2a/image/upload/v1676527391/vhk7vmtc0dtguqoyvc7a.png,New design with higher efficiancy from the most recognizable manefacturer,0.048246,0.0516694,0,50,0.32,0.255,2023-05-31T13:36:34.809Z,0,0,,,,,,,,,,,,,,,,,,,,,,,,,,,,,,,,,,,,,,,,,,,,,,,,,,,,,,,,,,,,,,,,,,,,,,,,
640f263bc435f8c9a97be76b,Solar,China,LONGi,HIMO 6,LR5-72HTH,575 w,31,0.2541,https://res.cloudinary.com/dwen6dx2a/image/upload/v1676527391/vhk7vmtc0dtguqoyvc7a.png,New design with higher efficiancy from the most recognizable manefacturer,0.047826,0.05122,0,50,0.32,0.255,2023-05-31T13:37:27.983Z,0,0,,,,,,,,,,,,,,,,,,,,,,,,,,,,,,,,,,,,,,,,,,,,,,,,,,,,,,,,,,,,,,,,,,,,,,,,
640f283fc435f8c9a97be76c,Solar,China,LONGi,HIMO 5,LR5-72HPH,525 W,31,0.27275,https://res.cloudinary.com/dvfuxrg12/image/upload/v1682752515/ycdkrgjzrwdtebc4wiii.png,New design with higher efficiancy from the most recognizable manefacturer,0.047826,0.05122,0,50,9,0.24,2023-05-31T13:37:58.436Z,0,0,,,,,,,,,,,,,,,,,,,,,,,,,,,,,,,,,,,,,,,,,,,,,,,,,,,,,,,,,,,,,,,,,,,,,,,,
640f284ec435f8c9a97be76d,Solar,China,LONGi,LONGi HIMO 5,LR5-72HPH,555W,31,0.27275,https://res.cloudinary.com/dvfuxrg12/image/upload/v1682752523/gvoaqjz63eisasjqjrpe.png,New design with higher efficiancy from the most recognizable manefacturer,0.04954954954,0.05306509838,0,50,9,0.24,2023-06-09T13:54:45.108Z,0,0,,,,,,,,,,,,,,,,,,,,,,,,,,,,,,,,,,,,,,,,,,,,,,,,,,,,,,,,,,,,,,,,,,,,,,,,
640f2858c435f8c9a97be76e,Solar,China,LONGi,LONGi HIMO 5,LR5-72HPH,535 W,31,0.2335,https://res.cloudinary.com/dvfuxrg12/image/upload/v1682752533/smaclqpnv0k9zq5penjj.png,New design with higher efficiancy from the most recognizable manefacturer,0.047826,0.05122,0,50,9,0.24,2023-05-31T13:38:00.017Z,0,0,,,,,,,,,,,,,,,,,,,,,,,,,,,,,,,,,,,,,,,,,,,,,,,,,,,,,,,,,,,,,,,,,,,,,,,,
640f2868c435f8c9a97be76f,Solar,China,LONGi,LONGi HIMO 5,LR5-72HPH,540 W,31,0.27275,https://res.cloudinary.com/dvfuxrg12/image/upload/v1682752541/v8ushvutrcsxre1jpbuw.png,New design with higher efficiancy from the most recognizable manefacturer,0.047826,0.05122,1,50,9,10,2023-05-15T07:27:55.703Z,0,0,,,,,,,,,,,,,,,,,,,,,,,,,,,,,,,,,,,,,,,,,,,,,,,,,,,,,,,,,,,,,,,,,,,,,,,,
640f2874c435f8c9a97be770,Solar,China,LONGi,LONGi HIMO 5,LR5-72HBH,545 W,31,0.2491,https://res.cloudinary.com/dvfuxrg12/image/upload/v1682752551/ahxbd3luthcwhnwajoeg.png,New design with higher efficiancy from the most recognizable manefacturer,0.047826,0.05122,1,50,0.31,0.26,2023-06-05T07:13:06.004Z,0,0,,,,,,,,,,,,,,,,,,,,,,,,,,,,,,,,,,,,,,,,,,,,,,,,,,,,,,,,,,,,,,,,,,,,,,,,
640f2883c435f8c9a97be771,Solar,China,LONGi,LONGi HIMO 5,LR5-72HPH,550 W,31,0.2491,https://res.cloudinary.com/dvfuxrg12/image/upload/v1682752505/y98etsyt7805zvpldxnx.png,New design with higher efficiancy from the most recognizable manefacturer,0.05,0.053548,1,50,0.31,0.26,2023-05-15T07:27:55.703Z,0,0,,,,,,,,,,,,,,,,,,,,,,,,,,,,,,,,,,,,,,,,,,,,,,,,,,,,,,,,,,,,,,,,,,,,,,,,
6415e1bdd37670bc70f78798,Battery,Veitnam,SEBANG VINA,ROCKET VRLA,ES 4.5-6(ROCKET),4.5 AH,0,3.49,https://res.cloudinary.com/dvfuxrg12/image/upload/v1682751711/rhnwfkjqvy8cemj1wzmc.png,"VRLA  AGM  BATTERY  ES4.5-6 (6V , 4.5AH/20HR) ",0.72,0.745,0,3600,4.55,3.5,2023-06-01T09:28:29.937Z,0,0,,2023-03-18T16:07:25.504Z,,,,,,,,,,,,,,,,,,,,,,,,,,,,,,,,,,,,,,,,,,,,,,,,,,,,,,,,,,,,,,,,,,,,,,
6415e5f1d37670bc70f787ac,Battery,Veitnam,SEBANG VINA,ROCKET VRLA,ES4.5AH-6V/20HR,4.5 AH,1200,0,https://res.cloudinary.com/dvfuxrg12/image/upload/v1682751747/etnxzs5xtv4nphkiwalj.png,,0.72,0.74,0,,,,2023-05-15T07:27:55.703Z,0,0,,2023-03-18T16:25:21.817Z,,,,,,,,,,,,,,,,,,,,,,,,,,,,,,,,,,,,,,,,,,,,,,,,,,,,,,,,,,,,,,,,,,,,,,
6415ec0cd37670bc70f787b1,Battery,Veitnam,SEBANG VINA,ROCKET VRLA,ES-7AH-12A,7 AH,,8.74,https://res.cloudinary.com/dvfuxrg12/image/upload/v1682751772/ixyujjm5t6enyuj4scrb.png,,2.04,2.09,0,7020,11.44,8.8,2023-06-01T09:28:41.060Z,0,0,,2023-03-18T16:51:24.779Z,,,,,,,,,,,,,,,,,,,,,,,,,,,,,,,,,,,,,,,,,,,,,,,,,,,,,,,,,,,,,,,,,,,,,,
6415ec86d37670bc70f787b3,Battery,Veitnam,SEBANG VINA,ROCKET VRLA,ES-7AH-6V,7 AH,,5.58,https://res.cloudinary.com/dvfuxrg12/image/upload/v1682751790/nh7g4qzlstp0hpu57uk1.png,,1.17,1.19,0,480,7.3,5.6,2023-06-01T09:28:47.519Z,0,0,,2023-03-18T16:53:26.501Z,,,,,,,,,,,,,,,,,,,,,,,,,,,,,,,,,,,,,,,,,,,,,,,,,,,,,,,,,,,,,,,,,,,,,,
6415ecd8d37670bc70f787b5,Battery,Veitnam,SEBANG VINA,ROCKET VRLA,ES-9AH-12A,9 AH,,11.57,https://res.cloudinary.com/dvfuxrg12/image/upload/v1682751809/s3mlwxznpzcwviyndgge.png,,2.65,2.7,0,1960,15.6,12,2023-06-01T09:28:54.597Z,0,0,,2023-03-18T16:54:48.988Z,,,,,,,,,,,,,,,,,,,,,,,,,,,,,,,,,,,,,,,,,,,,,,,,,,,,,,,,,,,,,,,,,,,,,,
6415ed20d37670bc70f787b7,Battery,Veitnam,SEBANG VINA,ROCKET VRLA,ES12AH-12V,12 AH,0,16.81,https://res.cloudinary.com/dvfuxrg12/image/upload/v1682751824/oblqd8gqvbcd18gpsimc.png,,3.7,3.8,0,900,21.97,16.9,2023-06-01T09:29:01.521Z,0,0,,2023-03-18T16:56:00.724Z,,,,,,,,,,,,,,,,,,,,,,,,,,,,,,,,,,,,,,,,,,,,,,,,,,,,,,,,,,,,,,,,,,,,,,
6415ed68d37670bc70f787b9,Battery,Veitnam,SEBANG VINA,ROCKET VRLA,ES18AH-12V,18 AH,,23.36,https://res.cloudinary.com/dvfuxrg12/image/upload/v1682751839/sngl9v6vbqikhtf692fq.png,,5.3,5.4,0,896,30.55,23.5,2023-06-01T09:29:08.157Z,0,0,,2023-03-18T16:57:12.463Z,,,,,,,,,,,,,,,,,,,,,,,,,,,,,,,,,,,,,,,,,,,,,,,,,,,,,,,,,,,,,,,,,,,,,,
6415edd3d37670bc70f787bd,Battery,Veitnam,SEBANG VINA,ROCKET VRLA,ES26AH-12V,26 AH,0,34.32,https://res.cloudinary.com/dvfuxrg12/image/upload/v1682751858/yxowy2rc4f7defcn5tsv.png,,8,8.5,0,360,44.72,34.4,2023-06-01T09:37:04.929Z,0,0,,2023-03-18T16:58:59.695Z,,,,,,,,,,,,,,,,,,,,,,,,,,,,,,,,,,,,,,,,,,,,,,,,,,,,,,,,,,,,,,,,,,,,,,
6415ee1fd37670bc70f787c1,Battery,Veitnam,SEBANG VINA,ROCKET VRLA,ES33AH-12V,33 AH,0,42.69,https://res.cloudinary.com/dvfuxrg12/image/upload/v1682751873/zwgqdmsizrqg68hrxshl.png,,10,10.5,0,288,55.77,42.9,2023-06-01T09:37:04.264Z,0,0,,2023-03-18T17:00:15.897Z,,,,,,,,,,,,,,,,,,,,,,,,,,,,,,,,,,,,,,,,,,,,,,,,,,,,,,,,,,,,,,,,,,,,,,
6415ee52d37670bc70f787c3,Battery,Veitnam,SEBANG VINA,ROCKET VRLA,ES40AH-12V,40 AH,,53.88,https://res.cloudinary.com/dvfuxrg12/image/upload/v1682751892/c6xpvny87x4ythpecflt.png,,13.5,14,0,320,70.2,54,2023-06-01T09:37:03.713Z,0,0,,2023-03-18T17:01:06.117Z,,,,,,,,,,,,,,,,,,,,,,,,,,,,,,,,,,,,,,,,,,,,,,,,,,,,,,,,,,,,,,,,,,,,,,
6415ee9bd37670bc70f787c5,Battery,Veitnam,SEBANG VINA,ROCKET VRLA,ES55AH-12V,55 AH,,67.94,https://res.cloudinary.com/dvfuxrg12/image/upload/v1682751909/rlhl6n7bznkbkmh7u60v.png,,16.3,16.8,0,,88.4,68,2023-06-01T09:39:26.940Z,0,0,,2023-03-18T17:02:19.716Z,,,,,,,,,,,,,,,,,,,,,,,,,,,,,,,,,,,,,,,,,,,,,,,,,,,,,,,,,,,,,,,,,,,,,,
6415eee0d37670bc70f787c7,Battery,Veitnam,SEBANG VINA,ROCKET VRLA,ES65AH-12V,65 AH,,74.88,https://res.cloudinary.com/dvfuxrg12/image/upload/v1682751925/zp36nvhhj3x34ehhkceq.png,,19.7,20.2,0,96,79.344,74.88,2023-06-01T09:39:25.963Z,0,0,,2023-03-18T17:03:28.258Z,,,,,,,,,,,,,,,,,,,,,,,,,,,,,,,,,,,,,,,,,,,,,,,,,,,,,,,,,,,,,,,,,,,,,,
6415ef24d37670bc70f787c9,Battery,Veitnam,SEBANG VINA,ROCKET VRLA,ES100AH-12V,100 AH,,119.85,https://res.cloudinary.com/dvfuxrg12/image/upload/v1682751939/jcc9ewgerxdwcsppbw6h.png,,30.3,30.8,0,36,156,120,2023-06-01T09:40:35.631Z,0,0,,2023-03-18T17:04:36.285Z,,,,,,,,,,,,,,,,,,,,,,,,,,,,,,,,,,,,,,,,,,,,,,,,,,,,,,,,,,,,,,,,,,,,,,
6415ef51d37670bc70f787cb,Battery,Veitnam,SEBANG VINA,ROCKET VRLA,ES150AH-12V,150 AH,,180.43,https://res.cloudinary.com/dvfuxrg12/image/upload/v1682751953/i4vpr9urwxifxwbotcfr.png,,43.5,44,2,27,234.65,180.5,2023-06-01T09:40:35.109Z,0,0,,2023-03-18T17:05:21.808Z,,,,,,,,,,,,,,,,,,,,,,,,,,,,,,,,,,,,,,,,,,,,,,,,,,,,,,,,,,,,,,,,,,,,,,
6415ef80d37670bc70f787cd,Battery,Veitnam,SEBANG VINA,ROCKET VRLA,ES200AH-12V,200 AH GEL,,233.02,https://res.cloudinary.com/dvfuxrg12/image/upload/v1682751966/k1hakepd8kuuiekee1a4.png,,60.5,61,0,36,303,233.2,2023-06-01T09:40:34.626Z,0,0,,2023-03-18T17:06:08.264Z,,,,,,,,,,,,,,,,,,,,,,,,,,,,,,,,,,,,,,,,,,,,,,,,,,,,,,,,,,,,,,,,,,,,,,
64181326d37670bc70f7880e,Battery,China,Dongjin,Kinfon,6-DM-8(12V8AH),8 AH,,7.5,https://res.cloudinary.com/dvfuxrg12/image/upload/v1682752408/d9nnycnew6huqjt8hdut.png,,2.2,2.29,0,0,9.15,7.99,2023-05-31T13:40:40.698Z,0,0,,2023-03-20T08:02:46.589Z,,,,,,,,,,,,,,,,,,,,,,,,,,,,,,,,,,,,,,,,,,,,,,,,,,,,,,,,,,,,,,,,,,,,,,
641815c0d37670bc70f78832,Battery,China,Dongjin,Kinfon,6-DM-14(12V14AH),14 AH,,13.5,https://res.cloudinary.com/dvfuxrg12/image/upload/v1679300027/v1wl5pncxtownftdyize.png,,4.5,4.6,0,100,16.1,14,2023-05-31T13:40:40.271Z,0,0,,2023-03-20T08:13:52.219Z,,,,,,,,,,,,,,,,,,,,,,,,,,,,,,,,,,,,,,,,,,,,,,,,,,,,,,,,,,,,,,,,,,,,,,
6418170dd37670bc70f78835,Battery,China,Dongjin,Kinfon,6-DM-22(12V22AH),22 AH,,21.1,https://res.cloudinary.com/dvfuxrg12/image/upload/v1679300363/jr3wkohdujxt7eddirdk.png,,6.8,6.9,0,0,26.45,23,2023-05-31T13:40:34.885Z,0,0,,2023-03-20T08:19:25.078Z,,,,,,,,,,,,,,,,,,,,,,,,,,,,,,,,,,,,,,,,,,,,,,,,,,,,,,,,,,,,,,,,,,,,,,
6418176dd37670bc70f7883a,Battery,China,Dongjin,Donjin, 6-DM-30(12V30AH),30 AH,,21.1,https://res.cloudinary.com/dvfuxrg12/image/upload/v1679300460/pqc7ultzft6m1ghrywnt.png,,6.8,6.9,0,0,27,23.5,2023-05-31T13:43:45.889Z,0,0,,2023-03-20T08:21:01.767Z,,,,,,,,,,,,,,,,,,,,,,,,,,,,,,,,,,,,,,,,,,,,,,,,,,,,,,,,,,,,,,,,,,,,,,
641817dcd37670bc70f7883d,Battery,China,Dongjin,Donjin,6-EVF-32(12V32AH),32 AH,,,https://res.cloudinary.com/dvfuxrg12/image/upload/v1682752176/biwpet5dhfooownzowwm.png,,9.88,10,0,,9,10,2023-05-15T07:27:55.703Z,0,0,,2023-03-20T08:22:52.784Z,,,,,,,,,,,,,,,,,,,,,,,,,,,,,,,,,,,,,,,,,,,,,,,,,,,,,,,,,,,,,,,,,,,,,,
6418183dd37670bc70f78840,Battery,China,Dongjin,Donjin,6-EVF-45(12V45AH),45 AH,,,https://res.cloudinary.com/dvfuxrg12/image/upload/v1679300667/h5wjrtdm7q1vmbmlikmz.png,,13.4,13.75,0,,9,10,2023-05-15T07:27:55.703Z,0,0,,2023-03-20T08:24:29.555Z,,,,,,,,,,,,,,,,,,,,,,,,,,,,,,,,,,,,,,,,,,,,,,,,,,,,,,,,,,,,,,,,,,,,,,
6418189fd37670bc70f78843,Battery,China,Dongjin,Donjin,6-EVF-58(12V58AH),58 AH,,,https://res.cloudinary.com/dvfuxrg12/image/upload/v1679300763/ibilwan6skqspx4vvwdt.png,,15.2,15.45,0,,9,10,2023-05-15T07:27:55.703Z,0,0,,2023-03-20T08:26:07.188Z,,,,,,,,,,,,,,,,,,,,,,,,,,,,,,,,,,,,,,,,,,,,,,,,,,,,,,,,,,,,,,,,,,,,,,
64187ff8246d770f4e65bc97,Battery,China,Dongjin,Kinfon,6-EVF-70(12V70AH),70 AH,0,75,https://res.cloudinary.com/dvfuxrg12/image/upload/v1682752141/wcvrqivryetj9jjm9eck.png,,24,24.5,0,0,90,77.18,2023-05-31T13:43:47.830Z,0,0,,2023-03-20T15:47:04.180Z,,,,,,,,,,,,,,,,,,,,,,,,,,,,,,,,,,,,,,,,,,,,,,,,,,,,,,,,,,,,,,,,,,,,,,
64188113246d770f4e65bc9c,Battery,China,Dongjin,Kinfon,DJ12-100FT (12V100AH),100 AH,,100,https://res.cloudinary.com/dvfuxrg12/image/upload/v1679327505/ygah4fpgpvgv63mqsdyc.png,,30,30.5,0,0,122,105.36,2023-05-31T13:44:10.722Z,0,0,,2023-03-20T15:51:47.052Z,,,,,,,,,,,,,,,,,,,,,,,,,,,,,,,,,,,,,,,,,,,,,,,,,,,,,,,,,,,,,,,,,,,,,,
641881b4246d770f4e65bc9e,Battery,China,Dongjin,Kinfon,DJ12-150FT (12V150AH),150 AH,0,145,https://res.cloudinary.com/dvfuxrg12/image/upload/v1679327665/dyzzjstnolaktuy16wv0.png,,45,45.5,0,150,175.52,152.63,2023-05-31T13:44:33.922Z,0,0,,2023-03-20T15:54:28.013Z,,,,,,,,,,,,,,,,,,,,,,,,,,,,,,,,,,,,,,,,,,,,,,,,,,,,,,,,,,,,,,,,,,,,,,
64188257246d770f4e65bca1,Battery,China,Dongjin,Kinfon,6-EVF-200(12V200AH)	,200 AH,,195,https://res.cloudinary.com/dvfuxrg12/image/upload/v1679327823/btlwxyctapqjx5exuhtu.png,,60,60.5,0,0,233.45,203,2023-05-31T13:45:01.095Z,0,0,Osama,2023-03-20T15:57:11.988Z,,,,,,,,,,,,,,,,,,,,,,,,,,,,,,,,,,,,,,,,,,,,,,,,,,,,,,,,,,,,,,,,,,,,,,
641888c9246d770f4e65bcab,Battery,India,LUMINOUS,LUMINOUS,12V150AH NRGTP,150 AH,0,0,https://res.cloudinary.com/dvfuxrg12/image/upload/v1682756390/sjorltjtbtb3jxpqgy6g.png,,57.5,60,0,,,,2023-05-15T07:27:55.703Z,0,0,,2023-03-20T16:24:41.788Z,,,,,,,,,,,,,,,,,,,,,,,,,,,,,,,,,,,,,,,,,,,,,,,,,,,,,,,,,,,,,,,,,,,,,,
64188921246d770f4e65bcae,Battery,India,LUMINOUS,LUMINOUS,12V100AH NRGTP,100 AH,0,0,https://res.cloudinary.com/dvfuxrg12/image/upload/v1682756493/m4sozt9hhkrlvxkvmwoo.png,,39,40,0,,,,2023-05-15T07:27:55.703Z,0,0,,2023-03-20T16:26:09.796Z,,,,,,,,,,,,,,,,,,,,,,,,,,,,,,,,,,,,,,,,,,,,,,,,,,,,,,,,,,,,,,,,,,,,,,
64188978246d770f4e65bcb0,Battery,India,LUMINOUS,LUMINOUS,INVERGEL12V125AHC20,125 AH,0,0,https://res.cloudinary.com/dvfuxrg12/image/upload/v1682753314/u39aal1ss2svb0rjgpgj.png,,49,50,0,,,,2023-05-15T07:27:55.703Z,0,0,,2023-03-20T16:27:36.244Z,,,,,,,,,,,,,,,,,,,,,,,,,,,,,,,,,,,,,,,,,,,,,,,,,,,,,,,,,,,,,,,,,,,,,,
641889cc246d770f4e65bcb3,Battery,India,LUMINOUS,LUMINOUS,INVERGEL12V175AHC20,175 AH,0,230,https://res.cloudinary.com/dvfuxrg12/image/upload/v1682753076/uu9zcugveqkaihepqfp3.png,,68,69,0,385,270,235,2023-05-31T13:45:21.812Z,0,0,,2023-03-20T16:29:00.271Z,,,,,,,,,,,,,,,,,,,,,,,,,,,,,,,,,,,,,,,,,,,,,,,,,,,,,,,,,,,,,,,,,,,,,,
64188c9d246d770f4e65bceb,Battery,India,LUMINOUS,LUMINOUS,12V200AH C10,200 AH,,185,https://res.cloudinary.com/dvfuxrg12/image/upload/v1682753093/l1lwtxydgmexa9sgwqpt.png,,67,67.9,0,2400,225,195,2023-05-31T13:52:57.683Z,0,0,,2023-03-20T16:41:01.527Z,,,,,,,,,,,,,,,,,,,,,,,,,,,,,,,,,,,,,,,,,,,,,,,,,,,,,,,,,,,,,,,,,,,,,,
64188e4f246d770f4e65bcf1,Inverter,China,Suoer,Suoer Charger ,Charger-SON-1205B,5 A,0,0,https://res.cloudinary.com/dvfuxrg12/image/upload/v1682755837/q9qdlvnzlsz967l848dr.png,,0.33,0.33,0,,,,2023-05-15T07:27:55.703Z,0,0,,2023-03-20T16:48:15.994Z,,,,,,,,,,,,,,,,,,,,,,,,,,,,,,,,,,,,,,,,,,,,,,,,,,,,,,,,,,,,,,,,,,,,,,
64188e7f246d770f4e65bcf3,Inverter,China,Suoer,Suoer Charger ,Charger-MA-1210AS,10 A,,,https://res.cloudinary.com/dvfuxrg12/image/upload/v1682702958/qlzkobqqucexygqpas7r.png,,0.45,0.5,0,,9,10,2023-05-15T07:27:55.703Z,0,0,,2023-03-20T16:49:03.405Z,,,,,,,,,,,,,,,,,,,,,,,,,,,,,,,,,,,,,,,,,,,,,,,,,,,,,,,,,,,,,,,,,,,,,,
64188ec0246d770f4e65bcf6,Inverter,China,Suoer,Suoer Charger ,Charger -MA-1220AS,20 A,,,https://res.cloudinary.com/dvfuxrg12/image/upload/v1682755692/hbn8xhvzgbc7p6s0fsii.png,,0.75,0.81,0,,9,10,2023-05-15T07:27:55.703Z,0,0,,2023-03-20T16:50:08.282Z,,,,,,,,,,,,,,,,,,,,,,,,,,,,,,,,,,,,,,,,,,,,,,,,,,,,,,,,,,,,,,,,,,,,,,
6418906a246d770f4e65bcf9,Battery,India,Exide,INDEX,-IT850-12(12V-230AH),230 AH,0,182,https://res.cloudinary.com/dvfuxrg12/image/upload/v1682756071/zxrfd2ceed2yw9vlynob.png,,76,77,0,2000,215,185,2023-05-31T13:45:42.291Z,0,0,,2023-03-20T16:57:14.832Z,,,,,,,,,,,,,,,,,,,,,,,,,,,,,,,,,,,,,,,,,,,,,,,,,,,,,,,,,,,,,,,,,,,,,,
641890d7246d770f4e65bcfc,Battery,India,Exide,EXIDE,-IT750-12(12V-200AH),200 AH,0,161,https://res.cloudinary.com/dvfuxrg12/image/upload/v1682755989/ik7tsnl2xaidv1jocqo3.png,,65,66,0,1200,191,165,2023-05-31T13:46:10.120Z,0,0,,2023-03-20T16:59:03.706Z,,,,,,,,,,,,,,,,,,,,,,,,,,,,,,,,,,,,,,,,,,,,,,,,,,,,,,,,,,,,,,,,,,,,,,
641986f9246d770f4e65bda6,Battery,India,Exide,EXIDE,IT850-12(12V-230AH),230 AH,,182,https://res.cloudinary.com/dvfuxrg12/image/upload/v1682756000/aqu4svbd8lhwhxjztkx2.png,,76,77,0,1200,215,185,2023-05-31T13:46:25.739Z,0,0,,2023-03-21T10:29:13.810Z,,,,,,,,,,,,,,,,,,,,,,,,,,,,,,,,,,,,,,,,,,,,,,,,,,,,,,,,,,,,,,,,,,,,,,
641997b2246d770f4e65bdda,Inverter,China,SunRay,AGS, GRID HYBRID SM-12- 1500,1.5 KW,,120,https://res.cloudinary.com/dvfuxrg12/image/upload/v1682762642/rgtlxd1vodwlursasst5.png,,5,6,0,0,150,130,2023-05-31T13:46:49.467Z,0,0,,2023-03-21T11:40:34.938Z,,,,,,,,,,,,,,,,,,,,,,,,,,,,,,,,,,,,,,,,,,,,,,,,,,,,,,,,,,,,,,,,,,,,,,
64199a3e246d770f4e65bde1,Inverter,China,SunRay,AGS, GRIDE HYBRID MPS-H 3500,3.5 KW,,,https://res.cloudinary.com/dvfuxrg12/image/upload/v1682699554/bhb2pivwif7c4st4q60u.png,,10,12,0,,9,10,2023-05-15T07:27:55.703Z,0,0,,2023-03-21T11:51:26.339Z,,,,,,,,,,,,,,,,,,,,,,,,,,,,,,,,,,,,,,,,,,,,,,,,,,,,,,,,,,,,,,,,,,,,,,
64199a7b246d770f4e65bde3,Inverter,China,SunRay,AGS,GRID HYBRID MPS-VII 3500,3.5 KW,0,0,https://res.cloudinary.com/dvfuxrg12/image/upload/v1682699568/k45gknbra2asarza6zpo.png,,10,11,0,,,,2023-05-15T07:27:55.703Z,0,0,,2023-03-21T11:52:27.582Z,,,,,,,,,,,,,,,,,,,,,,,,,,,,,,,,,,,,,,,,,,,,,,,,,,,,,,,,,,,,,,,,,,,,,,
64199af1246d770f4e65bde5,Inverter,China,SunRay,AGS,HYBRID ON GRIDMPS-VIII 3600,3.6 KW,0,0,https://res.cloudinary.com/dvfuxrg12/image/upload/v1682699581/zk41648kzij8tzzkujcy.png,,10,11,0,,,,2023-05-15T07:27:55.703Z,0,0,,2023-03-21T11:54:25.591Z,,,,,,,,,,,,,,,,,,,,,,,,,,,,,,,,,,,,,,,,,,,,,,,,,,,,,,,,,,,,,,,,,,,,,,
64199b2f246d770f4e65bde7,Inverter,China,SunRay,AGS, OFF GRID HYBRID MPS-VII 5500,5.5 KW,0,0,https://res.cloudinary.com/dvfuxrg12/image/upload/v1682699598/t0ejtgezlhg7ipljxoec.png,,11,12,0,,,,2023-05-15T07:27:55.703Z,0,0,,2023-03-21T11:55:27.318Z,,,,,,,,,,,,,,,,,,,,,,,,,,,,,,,,,,,,,,,,,,,,,,,,,,,,,,,,,,,,,,,,,,,,,,
64199b75246d770f4e65bdea,Inverter,China,SunRay,AGS,OFF GRID MPS-VIII48 6200V DC,6.2 KW,,,https://res.cloudinary.com/dvfuxrg12/image/upload/v1682755552/oleiffc9mmxp5kxq5q73.png,,11,12,0,,9,10,2023-05-15T07:27:55.703Z,0,0,,2023-03-21T11:56:37.434Z,,,,,,,,,,,,,,,,,,,,,,,,,,,,,,,,,,,,,,,,,,,,,,,,,,,,,,,,,,,,,,,,,,,,,,
641bf7674d1ef63239f7d610,Inverter,China,Must Power,INVERTER MUST,PV18-1012 VPM,1 KW,,125,https://res.cloudinary.com/dvfuxrg12/image/upload/v1682701638/rkrwv1tkso6mcybmhhye.png,,5,5.4,0,19,152,132,2023-05-31T13:47:13.926Z,0,0,,2023-03-23T06:53:27.110Z,,,,,,,,,,,,,,,,,,,,,,,,,,,,,,,,,,,,,,,,,,,,,,,,,,,,,,,,,,,,,,,,,,,,,,
641bf9554d1ef63239f7d618,Battery,China,Must Power,INVERTER MUST, PV18-3024 VPM,3 KW,,185,https://res.cloudinary.com/dvfuxrg12/image/upload/v1682701655/uqnihpvgnp951cqihc3h.png,,7.8,8.3,0,0,220,190,2023-05-31T13:47:36.481Z,0,0,,2023-03-23T07:01:41.478Z,,,,,,,,,,,,,,,,,,,,,,,,,,,,,,,,,,,,,,,,,,,,,,,,,,,,,,,,,,,,,,,,,,,,,,
641bf9aa4d1ef63239f7d61c,Inverter,China,Must Power,INVERTER MUST, PV18-3024 PRO,3 KW,0,275,https://res.cloudinary.com/dvfuxrg12/image/upload/v1682701694/bdwnl6hkxl7deiecvyde.png,,10.7,11.2,0,0,335,290,2023-05-31T13:47:58.266Z,0,0,,2023-03-23T07:03:06.494Z,,,,,,,,,,,,,,,,,,,,,,,,,,,,,,,,,,,,,,,,,,,,,,,,,,,,,,,,,,,,,,,,,,,,,,
641bf9f54d1ef63239f7d61e,Inverter,China,Must Power,INVERTER MUST, PV18-5248 PRO,5.2 KW,0,350,https://res.cloudinary.com/dvfuxrg12/image/upload/v1682701706/x0ucr2aogrhdrjtixprv.png,,13,13.5,0,215,430,365,2023-05-31T13:48:21.616Z,0,0,,2023-03-23T07:04:21.779Z,,,,,,,,,,,,,,,,,,,,,,,,,,,,,,,,,,,,,,,,,,,,,,,,,,,,,,,,,,,,,,,,,,,,,,
641bffc74d1ef63239f7d641,Inverter,China,Growatt,Growatt,OFF-GRID SPF 5000ES,5 KW,,435,https://res.cloudinary.com/dvfuxrg12/image/upload/v1682701718/bz8e3clkyjrhosw9f0ey.png,,14,15,0,1093,552,435,2023-05-31T13:48:46.611Z,0,0,,2023-03-23T07:29:11.235Z,,,,,,,,,,,,,,,,,,,,,,,,,,,,,,,,,,,,,,,,,,,,,,,,,,,,,,,,,,,,,,,,,,,,,,
641c000d4d1ef63239f7d643,Inverter,China,Growatt,Growatt,OFF-GRID PF 8KT HVM,8 KW,0,0,https://res.cloudinary.com/dvfuxrg12/image/upload/v1682701731/qljdvyxn3hyh5rlsub3c.png,,65,87,0,,,,2023-05-15T07:27:55.703Z,0,0,,2023-03-23T07:30:21.502Z,,,,,,,,,,,,,,,,,,,,,,,,,,,,,,,,,,,,,,,,,,,,,,,,,,,,,,,,,,,,,,,,,,,,,,
641c072e4d1ef63239f7d650,Inverter,China,Growatt,Growatt,OFF-GRID SPF 10KT HVM,10 KW,0,0,https://res.cloudinary.com/dvfuxrg12/image/upload/v1682701742/sqjia2k9uaca2uyuj1bw.png,,0,0,0,,,,2023-05-15T07:27:55.703Z,0,0,,2023-03-23T08:00:46.782Z,,,,,,,,,,,,,,,,,,,,,,,,,,,,,,,,,,,,,,,,,,,,,,,,,,,,,,,,,,,,,,,,,,,,,,
641c0c2c4d1ef63239f7d65a,Inverter,India,LUMINOUS,LUMINOUS INVERTERS,ZELIO EXP 900VA/12V,900 W,,,https://res.cloudinary.com/dvfuxrg12/image/upload/v1682701772/vj9ximeoknmcpvimk5mt.png,,10,11,0,,9,10,2023-05-15T07:27:55.703Z,0,0,,2023-03-23T08:22:04.758Z,,,,,,,,,,,,,,,,,,,,,,,,,,,,,,,,,,,,,,,,,,,,,,,,,,,,,,,,,,,,,,,,,,,,,,
641c0e214d1ef63239f7d669,Inverter,India,LUMINOUS,LUMINOUS INVERTERS,OPTIMUS 1100VA/12V,1100 W,0,0,https://res.cloudinary.com/dvfuxrg12/image/upload/v1682757483/itl5qehnbngpx2vh27xp.png,,13,14,0,,,,2023-05-15T07:27:55.703Z,0,0,,2023-03-23T08:30:25.701Z,,,,,,,,,,,,,,,,,,,,,,,,,,,,,,,,,,,,,,,,,,,,,,,,,,,,,,,,,,,,,,,,,,,,,,
641c0efe4d1ef63239f7d672,Inverter,India,LUMINOUS,LUMINOUS INVERTERS,ICON 1100VA/12V FG UNIT,1100 W,0,0,https://res.cloudinary.com/dvfuxrg12/image/upload/v1679560318/gpe9tp55swpjrsjwxj6k.png,,15,16,0,,,,2023-05-15T07:27:55.703Z,0,0,,2023-03-23T08:34:06.381Z,,,,,,,,,,,,,,,,,,,,,,,,,,,,,,,,,,,,,,,,,,,,,,,,,,,,,,,,,,,,,,,,,,,,,,
641c109e4d1ef63239f7d680,Inverter,India,LUMINOUS,LUMINOUS INVERTERS,ECO VOLT 1400VA/12V,1400 W,,,https://res.cloudinary.com/dvfuxrg12/image/upload/v1679560860/cuo0cesf45wwtvhwlaor.png,,15,16,0,,9,10,2023-05-15T07:27:55.703Z,0,0,,2023-03-23T08:41:02.429Z,,,,,,,,,,,,,,,,,,,,,,,,,,,,,,,,,,,,,,,,,,,,,,,,,,,,,,,,,,,,,,,,,,,,,,
641c12254d1ef63239f7d686,Inverter,India,LUMINOUS,LUMINOUS INVERTERS,ECO VOLT 2000VA/24V W/O WIFI,2000 W,,,https://res.cloudinary.com/dvfuxrg12/image/upload/v1679561252/dboriwvg3roobnzlvbuo.png,,24,25,0,,9,10,2023-05-15T07:27:55.703Z,0,0,,2023-03-23T08:47:33.833Z,,,,,,,,,,,,,,,,,,,,,,,,,,,,,,,,,,,,,,,,,,,,,,,,,,,,,,,,,,,,,,,,,,,,,,
641c12b54d1ef63239f7d688,Inverter,India,LUMINOUS,LUMINOUS INVERTERS,CRUZE EXP 2800VA/24V,2800VA,,,https://res.cloudinary.com/dvfuxrg12/image/upload/v1679561395/uh20p7wnownmvbmgiaem.png,,24,25,0,,9,10,2023-05-15T07:27:55.703Z,0,0,,2023-03-23T08:49:57.249Z,,,,,,,,,,,,,,,,,,,,,,,,,,,,,,,,,,,,,,,,,,,,,,,,,,,,,,,,,,,,,,,,,,,,,,
641c13544d1ef63239f7d68a,Inverter,India,LUMINOUS,LUMINOUS INVERTERS,S/W UPS 4KVA/48V,4K,0,0,https://res.cloudinary.com/dvfuxrg12/image/upload/v1679561554/moupjnh8jhmc7ksw5g5c.png,,61,60,0,,,,2023-05-15T07:27:55.703Z,0,0,,2023-03-23T08:52:36.333Z,,,,,,,,,,,,,,,,,,,,,,,,,,,,,,,,,,,,,,,,,,,,,,,,,,,,,,,,,,,,,,,,,,,,,,
641c13944d1ef63239f7d68c,Inverter,India,LUMINOUS,LUMINOUS INVERTERS,S/W UPS 5KVA/48Vi-CRUZE EXP,5K,0,0,https://res.cloudinary.com/dvfuxrg12/image/upload/v1679561618/zb8j2nvge6etv1qizwfz.png,,81,80,0,,,,2023-05-15T07:27:55.703Z,0,0,,2023-03-23T08:53:40.470Z,,,,,,,,,,,,,,,,,,,,,,,,,,,,,,,,,,,,,,,,,,,,,,,,,,,,,,,,,,,,,,,,,,,,,,
641c16b24d1ef63239f7d6a7,Inverter,China,Voltronic,AGS,MAX 8KW - 48V,8 KW,0,0,https://res.cloudinary.com/dvfuxrg12/image/upload/v1682699629/vozfybmpombsfffdxkbz.png,,19.45,22.97,0,,,,2023-05-15T07:27:55.703Z,0,0,,2023-03-23T09:06:58.369Z,,,,,,,,,,,,,,,,,,,,,,,,,,,,,,,,,,,,,,,,,,,,,,,,,,,,,,,,,,,,,,,,,,,,,,
641c1e134d1ef63239f7d6af,Battery,India,Deepak,ORBIT,DIN55,55 AH,,,https://res.cloudinary.com/dvfuxrg12/image/upload/v1679564305/o2t27znzyhomyqynbcmr.png,,9.85,10.3,0,,9,10,2023-05-15T07:27:55.703Z,0,0,,2023-03-23T09:38:27.880Z,,,,,,,,,,,,,,,,,,,,,,,,,,,,,,,,,,,,,,,,,,,,,,,,,,,,,,,,,,,,,,,,,,,,,,
641c1e484d1ef63239f7d6b7,Battery,India,Deepak,ORBIT,N100,100 AH,0,0,https://res.cloudinary.com/dvfuxrg12/image/upload/v1679564358/o4i9hkn9z4bzehhse27y.png,,16.77,17.4,0,,,,2023-05-15T07:27:55.703Z,0,0,,2023-03-23T09:39:20.129Z,,,,,,,,,,,,,,,,,,,,,,,,,,,,,,,,,,,,,,,,,,,,,,,,,,,,,,,,,,,,,,,,,,,,,,
641c1e7b4d1ef63239f7d6b9,Battery,India,Deepak,ORBIT,N150,150 AH,0,0,https://res.cloudinary.com/dvfuxrg12/image/upload/v1679564409/cqrknqpupijx0ijulp6l.png,,23.4,24.07,0,,,,2023-05-15T07:27:55.703Z,0,0,,2023-03-23T09:40:11.026Z,,,,,,,,,,,,,,,,,,,,,,,,,,,,,,,,,,,,,,,,,,,,,,,,,,,,,,,,,,,,,,,,,,,,,,
641c1eac4d1ef63239f7d6bc,Battery,India,Deepak,ORBIT,N200,200 AH,0,0,https://res.cloudinary.com/dvfuxrg12/image/upload/v1679564458/n2qokm2csmyajdrlyzhc.png,,29.5,30.66,0,,,,2023-05-15T07:27:55.703Z,0,0,,2023-03-23T09:41:00.073Z,,,,,,,,,,,,,,,,,,,,,,,,,,,,,,,,,,,,,,,,,,,,,,,,,,,,,,,,,,,,,,,,,,,,,,
641c210e4d1ef63239f7d6c5,Battery,Thailand,3k,3K,N40 ,40 AH,0,0,https://res.cloudinary.com/dvfuxrg12/image/upload/v1679565068/o3nr7beo2lgi2wsuyk7z.png,,6,6.88,0,,,,2023-05-15T07:27:55.703Z,0,0,,2023-03-23T09:51:10.332Z,,,,,,,,,,,,,,,,,,,,,,,,,,,,,,,,,,,,,,,,,,,,,,,,,,,,,,,,,,,,,,,,,,,,,,
641c227a4d1ef63239f7d6d4,Battery,Thailand,3k,3K,BATTERY N50 ,55 AH,0,0,https://res.cloudinary.com/dvfuxrg12/image/upload/v1679565432/ecq5brtailfxglkefeze.png,,8.5,9,0,,,,2023-05-15T07:27:55.703Z,0,0,,2023-03-23T09:57:14.430Z,,,,,,,,,,,,,,,,,,,,,,,,,,,,,,,,,,,,,,,,,,,,,,,,,,,,,,,,,,,,,,,,,,,,,,
641c23354d1ef63239f7d6db,Battery,Thailand,3k,3K,BATTERY  N100 ,100 AH,0,0,https://res.cloudinary.com/dvfuxrg12/image/upload/v1679565619/l6isfdmoat2wbfytampm.webp,,16,16.64,0,,,,2023-05-15T07:27:55.703Z,0,0,,2023-03-23T10:00:21.103Z,,,,,,,,,,,,,,,,,,,,,,,,,,,,,,,,,,,,,,,,,,,,,,,,,,,,,,,,,,,,,,,,,,,,,,
641c239b4d1ef63239f7d6dd,Battery,Thailand,3k,3K,BATTERY N150 ,150 AH,0,0,https://res.cloudinary.com/dvfuxrg12/image/upload/v1679565720/ghfeph9xobvdi4rdnakq.webp,,25,25.79,0,,,,2023-05-15T07:27:55.703Z,0,0,,2023-03-23T10:02:03.116Z,,,,,,,,,,,,,,,,,,,,,,,,,,,,,,,,,,,,,,,,,,,,,,,,,,,,,,,,,,,,,,,,,,,,,,
641c240c4d1ef63239f7d6e0,Battery,Thailand,3k,3K,BATTERY N 200 ,200 AH,0,0,https://res.cloudinary.com/dvfuxrg12/image/upload/v1679565834/ag2iuey2taeisowjje0g.webp,,32,32.23,0,,,,2023-05-15T07:27:55.703Z,0,0,,2023-03-23T10:03:56.157Z,,,,,,,,,,,,,,,,,,,,,,,,,,,,,,,,,,,,,,,,,,,,,,,,,,,,,,,,,,,,,,,,,,,,,,
641c2e824d1ef63239f7d6ec,Battery,India,Pacer,Pacer,200 AH PACER,200 AH,0,125,https://res.cloudinary.com/dvfuxrg12/image/upload/v1682754816/zo7we52lzyysvultcreg.png,,61.5,62.5,0,800,151,131,2023-05-31T13:50:01.244Z,0,0,,2023-03-23T10:48:34.681Z,,,,,,,,,,,,,,,,,,,,,,,,,,,,,,,,,,,,,,,,,,,,,,,,,,,,,,,,,,,,,,,,,,,,,,
641c316a4d1ef63239f7d6fa,Battery,India,Enkeel,,Pacer 220 AH PACER,220Ah,,135,https://res.cloudinary.com/dvfuxrg12/image/upload/v1682762752/nlu7fnxt81mobj9jfgnv.png,.,64,65,0,0,163,141,2023-05-31T13:50:24.120Z,0,0,,2023-03-23T11:00:58.266Z,,,,,,,,,,,,,,,,,,,,,,,,,,,,,,,,,,,,,,,,,,,,,,,,,,,,,,,,,,,,,,,,,,,,,,
641c33c64d1ef63239f7d70c,Battery,India,Pacer,Infinity,220AH,220 AH,,125,https://res.cloudinary.com/dvfuxrg12/image/upload/v1679569861/ut9yap4ztsvsoyxaxljy.png,,64,65,0,400,151,131,2023-05-31T13:50:40.114Z,0,0,,2023-03-23T11:11:02.730Z,,,,,,,,,,,,,,,,,,,,,,,,,,,,,,,,,,,,,,,,,,,,,,,,,,,,,,,,,,,,,,,,,,,,,,
641c35564d1ef63239f7d713,Battery,China,EXIDE,EXIDE, SGL200,200Ah,0,254,https://res.cloudinary.com/dvfuxrg12/image/upload/v1682753431/bu94s4qvej3cfxiha6dg.png,12 Volt with AGM technology and maintenance free design,81,82,0,380,303,264,2023-06-06T14:04:10.402Z,0,0,,2023-03-23T11:17:42.326Z,,,,,,,,,,,,,,,,,,,,,,,,,,,,,,,,,,,,,,,,,,,,,,,,,,,,,,,,,,,,,,,,,,,,,,
641c36034d1ef63239f7d716,Battery,India,Exide,EXIDE, EL 200-C10,200 AH,0,184,https://res.cloudinary.com/dvfuxrg12/image/upload/v1682772234/vrhfmmbwezjvnzuibjlo.png,,68,69.56,0,0,224.25,195,2023-05-31T13:51:34.177Z,0,0,,2023-03-23T11:20:35.742Z,,,,,,,,,,,,,,,,,,,,,,,,,,,,,,,,,,,,,,,,,,,,,,,,,,,,,,,,,,,,,,,,,,,,,,
641ebb940cbb6eb40a064426,Inverter,India,LUMINOUS,LUMINOUS INVERTERS,OFF GRID 3KV/24V,3KV/24V,,,https://res.cloudinary.com/dvfuxrg12/image/upload/v1682702043/lszachfkckuyxziwzkhb.png,,10,10.8,0,,9,10,2023-05-15T07:27:55.703Z,0,0,,2023-03-25T09:15:00.158Z,,,,,,,,,,,,,,,,,,,,,,,,,,,,,,,,,,,,,,,,,,,,,,,,,,,,,,,,,,,,,,,,,,,,,,
641ebbe20cbb6eb40a064428,Inverter,India,LUMINOUS,LUMINOUS INVERTERS,OFF GRID 5KV/48V,5KV/48V,0,0,https://res.cloudinary.com/dvfuxrg12/image/upload/v1682702052/admbgsgi0novshpx8izm.png,,12,12.16,0,,,,2023-05-15T07:27:55.703Z,0,0,,2023-03-25T09:16:18.668Z,,,,,,,,,,,,,,,,,,,,,,,,,,,,,,,,,,,,,,,,,,,,,,,,,,,,,,,,,,,,,,,,,,,,,,
643509783e219623f0375fe9,Battery,India,Deepak,TUFFBULL,DP6500 TT,240AH,22,22,https://res.cloudinary.com/dvfuxrg12/image/upload/v1681197897/fu9g2ixfviv3z7dpsp7i.png,TALL TUBULAR BATTARY,73.5,72,0,,9,10,2023-05-15T07:27:55.703Z,0,0,,2023-04-11T07:17:12.199Z,,,,,,,,,,,,,,,,,,,,,,,,,,,,,,,,,,,,,,,,,,,,,,,,,,,,,,,,,,,,,,,,,,,,,,
64350bf73e219623f0375fed,Battery,India,Deepak,TUFFBULL,DP6000 TT,200 AH,,,https://res.cloudinary.com/dvfuxrg12/image/upload/v1681198065/qubiemjp2onweqzppeic.png,TALL TUBULAR BATTERY,68.5,67,0,,9,10,2023-05-15T07:27:55.703Z,0,0,,2023-04-11T07:27:51.212Z,,,,,,,,,,,,,,,,,,,,,,,,,,,,,,,,,,,,,,,,,,,,,,,,,,,,,,,,,,,,,,,,,,,,,,
643ae02c215409eb7cae644f,Battery,South korea,DN Automotive,KINGSLIGHT,SMF32B19L,32 AH,,,https://res.cloudinary.com/dvfuxrg12/image/upload/v1682703350/sotnrdjt96kwixfasgiy.png,,8.9,9.17,0,,9,10,2023-05-15T07:27:55.703Z,0,0,,2023-04-15T17:34:36.183Z,,,,,,,,,,,,,,,,,,,,,,,,,,,,,,,,,,,,,,,,,,,,,,,,,,,,,,,,,,,,,,,,,,,,,,
643ae155215409eb7cae6457,Battery,South korea,DN Automotive,KINGSLIGHT,SMF50B24LS,40 AH,0,0,https://res.cloudinary.com/dvfuxrg12/image/upload/v1682703359/nr9wnedk7zdety3e60ns.png,,11.12,11.45,0,,,,2023-05-15T07:27:55.703Z,0,0,,2023-04-15T17:39:33.462Z,,,,,,,,,,,,,,,,,,,,,,,,,,,,,,,,,,,,,,,,,,,,,,,,,,,,,,,,,,,,,,,,,,,,,,
643ae5b3215409eb7cae645f,Battery,South korea,DN Automotive,KINGSLIGHT,SMF55559,55 AH,0,0,https://res.cloudinary.com/dvfuxrg12/image/upload/v1682753698/kvarh4yp2lgxj53snm4i.png,,14.27,14.7,0,,,,2023-05-15T07:27:55.703Z,0,0,,2023-04-15T17:58:11.513Z,,,,,,,,,,,,,,,,,,,,,,,,,,,,,,,,,,,,,,,,,,,,,,,,,,,,,,,,,,,,,,,,,,,,,,
643ae67d215409eb7cae6463,Battery,South korea,DN Automotive,KINGSLIGHT,SMF56638,66 AH,0,0,https://res.cloudinary.com/dvfuxrg12/image/upload/v1682753653/ulhkwv49lelpvyxmo8u8.png,,16.38,16.87,0,,,,2023-05-15T07:27:55.703Z,0,0,,2023-04-15T18:01:33.223Z,,,,,,,,,,,,,,,,,,,,,,,,,,,,,,,,,,,,,,,,,,,,,,,,,,,,,,,,,,,,,,,,,,,,,,
643ae724215409eb7cae6468,Battery,South korea,DN Automotive,KINGSLIGHT,SMF80D26L,70 AH,0,0,https://res.cloudinary.com/dvfuxrg12/image/upload/v1682753543/ol7bibcgoaa6c71q3uqe.png,,16.79,17.29,0,,,,2023-05-15T07:27:55.703Z,0,0,,2023-04-15T18:04:20.920Z,,,,,,,,,,,,,,,,,,,,,,,,,,,,,,,,,,,,,,,,,,,,,,,,,,,,,,,,,,,,,,,,,,,,,,
643ae773215409eb7cae646d,Battery,South korea,DN Automotive,KINGSLIGHT,SMF95D31R,90 AH,0,0,https://res.cloudinary.com/dvfuxrg12/image/upload/v1682702175/rrwtpec0xyqxqvd5bpyc.png,,19.27,19.85,0,,,,2023-05-15T07:27:55.703Z,0,0,,2023-04-15T18:05:39.421Z,,,,,,,,,,,,,,,,,,,,,,,,,,,,,,,,,,,,,,,,,,,,,,,,,,,,,,,,,,,,,,,,,,,,,,
643ae7e1215409eb7cae6472,Battery,South korea,DN Automotive,KINGSLIGHT,SMF1000R,100 AH,0,0,https://res.cloudinary.com/dvfuxrg12/image/upload/v1682753461/cvyiv6bjdtwh1uekstwn.png,,22.13,22.79,0,,,,2023-05-15T07:27:55.703Z,0,0,,2023-04-15T18:07:29.719Z,,,,,,,,,,,,,,,,,,,,,,,,,,,,,,,,,,,,,,,,,,,,,,,,,,,,,,,,,,,,,,,,,,,,,,
643ae83c215409eb7cae6475,Battery,South korea,DN Automotive,KINGSLIGHT,SMF1000RA,100 AH,0,0,https://res.cloudinary.com/dvfuxrg12/image/upload/v1682753765/xltpme9pbhutultdxkfe.png,,24.23,24.96,0,,,,2023-05-15T07:27:55.703Z,0,0,,2023-04-15T18:09:00.801Z,,,,,,,,,,,,,,,,,,,,,,,,,,,,,,,,,,,,,,,,,,,,,,,,,,,,,,,,,,,,,,,,,,,,,,
643ae883215409eb7cae6477,Battery,South korea,DN Automotive,KINGSLIGHT,SMF160G51R,150 AH,0,0,https://res.cloudinary.com/dvfuxrg12/image/upload/v1682702209/fj0xoufkg2pt8vto0azf.png,,38.77,39.93,0,,,,2023-05-15T07:27:55.703Z,0,0,,2023-04-15T18:10:11.781Z,,,,,,,,,,,,,,,,,,,,,,,,,,,,,,,,,,,,,,,,,,,,,,,,,,,,,,,,,,,,,,,,,,,,,,
643ae8e4215409eb7cae647a,Battery,South korea,DN Automotive,KINGSLIGHT,SMF210H52R,200 AH,0,0,https://res.cloudinary.com/dvfuxrg12/image/upload/v1682753817/zdbt43kuzp1cmit4tijm.png,,50.64,52.16,0,,,,2023-05-15T07:27:55.703Z,0,0,,2023-04-15T18:11:48.972Z,,,,,,,,,,,,,,,,,,,,,,,,,,,,,,,,,,,,,,,,,,,,,,,,,,,,,,,,,,,,,,,,,,,,,,
643aeaa8215409eb7cae647d,Battery,South korea,DN Automotive,KOREANA,SMF80D26L,70 AH,0,0,https://res.cloudinary.com/dvfuxrg12/image/upload/v1682756623/fks7z4lnngnvanyospf8.png,,16.79,17.29,0,,,,2023-05-15T07:27:55.703Z,0,0,,2023-04-15T18:19:20.676Z,,,,,,,,,,,,,,,,,,,,,,,,,,,,,,,,,,,,,,,,,,,,,,,,,,,,,,,,,,,,,,,,,,,,,,
643aeb0a215409eb7cae647f,Battery,South korea,DN Automotive,KOREANA,SMF1000R,100 AH,0,0,https://res.cloudinary.com/dvfuxrg12/image/upload/v1682702286/fk7tsv4o7rfz6bwa1vhz.png,,22.13,22.79,0,,,,2023-05-15T07:27:55.703Z,0,0,,2023-04-15T18:20:58.979Z,,,,,,,,,,,,,,,,,,,,,,,,,,,,,,,,,,,,,,,,,,,,,,,,,,,,,,,,,,,,,,,,,,,,,,
643aeb37215409eb7cae6481,Battery,South korea,DN Automotive,KOREANA,SMF1000RA,100 AH,0,0,https://res.cloudinary.com/dvfuxrg12/image/upload/v1682756092/eq8bztgnwbew7ypuzuul.png,,24.23,24.96,0,,,,2023-05-15T07:27:55.703Z,0,0,,2023-04-15T18:21:43.613Z,,,,,,,,,,,,,,,,,,,,,,,,,,,,,,,,,,,,,,,,,,,,,,,,,,,,,,,,,,,,,,,,,,,,,,
643aeb6c215409eb7cae6483,Battery,South korea,DN Automotive,KOREANA,SMF60044,100 AH,0,0,https://res.cloudinary.com/dvfuxrg12/image/upload/v1682756006/atodqnaax5j43bhuxqlx.png,,23,23.26,0,,,,2023-05-15T07:27:55.703Z,0,0,,2023-04-15T18:22:36.008Z,,,,,,,,,,,,,,,,,,,,,,,,,,,,,,,,,,,,,,,,,,,,,,,,,,,,,,,,,,,,,,,,,,,,,,
643aebac215409eb7cae6485,Battery,South korea,DN Automotive,KOREANA,SMF160G51R,150 AH,0,0,https://res.cloudinary.com/dvfuxrg12/image/upload/v1682755934/z6xasx4xnvyiisheejol.png,,38.77,39.93,0,,,,2023-05-15T07:27:55.703Z,0,0,,2023-04-15T18:23:40.870Z,,,,,,,,,,,,,,,,,,,,,,,,,,,,,,,,,,,,,,,,,,,,,,,,,,,,,,,,,,,,,,,,,,,,,,
643aeffd215409eb7cae6493,Battery,South korea,Sebang,SUPREME,SMF40B19L,30 AH,0,0,https://res.cloudinary.com/dvfuxrg12/image/upload/v1682753877/trawckvsuwnofmrcckeo.png,,9.2,9.35,0,,,,2023-05-15T07:27:55.703Z,0,0,,2023-04-15T18:42:05.604Z,,,,,,,,,,,,,,,,,,,,,,,,,,,,,,,,,,,,,,,,,,,,,,,,,,,,,,,,,,,,,,,,,,,,,,
643af063215409eb7cae6495,Battery,South korea,Sebang,SUPREME,SMFN40L,40 AH,0,0,https://res.cloudinary.com/dvfuxrg12/image/upload/v1682753905/ztihu6iimadqervqpfxq.png,,11.3,11.7,0,,,,2023-05-15T07:27:55.703Z,0,0,,2023-04-15T18:43:47.826Z,,,,,,,,,,,,,,,,,,,,,,,,,,,,,,,,,,,,,,,,,,,,,,,,,,,,,,,,,,,,,,,,,,,,,,
643af0b5215409eb7cae6497,Battery,South korea,Sebang,SUPREME,SMF55559,55 AH,0,0,https://res.cloudinary.com/dvfuxrg12/image/upload/v1682753932/tngq2hhosc8wqtft4fw2.png,,14.1,14.3,0,,,,2023-05-15T07:27:55.703Z,0,0,,2023-04-15T18:45:09.533Z,,,,,,,,,,,,,,,,,,,,,,,,,,,,,,,,,,,,,,,,,,,,,,,,,,,,,,,,,,,,,,,,,,,,,,
643af103215409eb7cae6499,Battery,South korea,Sebang,SUPREME,SMF56638,66 AH,0,0,https://res.cloudinary.com/dvfuxrg12/image/upload/v1682753954/dpuxacbdlkefvfuollmd.png,,16.5,16.74,0,,,,2023-05-15T07:27:55.703Z,0,0,,2023-04-15T18:46:27.749Z,,,,,,,,,,,,,,,,,,,,,,,,,,,,,,,,,,,,,,,,,,,,,,,,,,,,,,,,,,,,,,,,,,,,,,
643af1c4215409eb7cae649e,Battery,South korea,Sebang,SUPREME,SMF80D26L,70 AH,0,0,https://res.cloudinary.com/dvfuxrg12/image/upload/v1682754052/k0ckvkum8xy5z1ojmk86.png,,17.89,18.47,0,,,,2023-05-15T07:27:55.703Z,0,0,,2023-04-15T18:49:40.078Z,,,,,,,,,,,,,,,,,,,,,,,,,,,,,,,,,,,,,,,,,,,,,,,,,,,,,,,,,,,,,,,,,,,,,,
643af271215409eb7cae64a0,Battery,South korea,Sebang,SUPREME,SMF57412,74 AH,0,0,https://res.cloudinary.com/dvfuxrg12/image/upload/v1682754089/zqp0c4ipjcnfzfamlj81.png,,17,17.24,0,,,,2023-05-15T07:27:55.703Z,0,0,,2023-04-15T18:52:33.090Z,,,,,,,,,,,,,,,,,,,,,,,,,,,,,,,,,,,,,,,,,,,,,,,,,,,,,,,,,,,,,,,,,,,,,,
643af326215409eb7cae64a5,Battery,South korea,Sebang,SUPREME,SMF105D31L,90 AH,0,0,https://res.cloudinary.com/dvfuxrg12/image/upload/v1682754145/q5xueyselpunrisxgkhi.png,,19.85,20.2,0,,,,2023-05-15T09:48:06.722Z,0,0,,2023-04-15T18:55:34.548Z,,,,,,,,,,,,,,,,,,,,,,,,,,,,,,,,,,,,,,,,,,,,,,,,,,,,,,,,,,,,,,,,,,,,,,
643af363215409eb7cae64a7,Battery,South korea,Sebang,SUPREME,SMF60033,100 AH,0,0,https://res.cloudinary.com/dvfuxrg12/image/upload/v1682754165/i9wax01k5ubtc6f3sdls.png,,21.4,21.7,0,,,,2023-05-15T07:27:55.703Z,0,0,,2023-04-15T18:56:35.975Z,,,,,,,,,,,,,,,,,,,,,,,,,,,,,,,,,,,,,,,,,,,,,,,,,,,,,,,,,,,,,,,,,,,,,,
643af3c1215409eb7cae64a9,Battery,South korea,Sebang,SUPREME,60044,100 AH,0,0,https://res.cloudinary.com/dvfuxrg12/image/upload/v1682754223/jfbisf16ydvps26fpmby.png,,21.9,22.7,0,,,,2023-05-15T07:27:55.703Z,0,0,,2023-04-15T18:58:09.767Z,,,,,,,,,,,,,,,,,,,,,,,,,,,,,,,,,,,,,,,,,,,,,,,,,,,,,,,,,,,,,,,,,,,,,,
643af41c215409eb7cae64ab,Battery,South korea,Sebang,SUPREME,SMFN150L,150 AH,0,0,https://res.cloudinary.com/dvfuxrg12/image/upload/v1682754295/ahptlmnhd6hpqtkc6bn7.png,,39.5,40.18,0,,,,2023-05-15T07:27:55.703Z,0,0,,2023-04-15T18:59:40.771Z,,,,,,,,,,,,,,,,,,,,,,,,,,,,,,,,,,,,,,,,,,,,,,,,,,,,,,,,,,,,,,,,,,,,,,
643bdc66215409eb7cae64cf,Battery,South korea,DN Automotive,VOLTEX,MF32B19L,30 AH,,,https://res.cloudinary.com/dvfuxrg12/image/upload/v1682754370/nxjsafnqluum0ocorzay.png,,8.9,9.17,0,,9,10,2023-05-15T07:27:55.703Z,0,0,,2023-04-16T11:30:46.499Z,,,,,,,,,,,,,,,,,,,,,,,,,,,,,,,,,,,,,,,,,,,,,,,,,,,,,,,,,,,,,,,,,,,,,,
643bdcd5215409eb7cae64d1,Battery,South korea,DN Automotive,VOLTEX,MF50B24LS,40 AH,0,0,https://res.cloudinary.com/dvfuxrg12/image/upload/v1682754385/tglrrnxudi0xdu5w30pc.png,,11.12,11.45,0,,,,2023-05-15T07:27:55.703Z,0,0,,2023-04-16T11:32:37.415Z,,,,,,,,,,,,,,,,,,,,,,,,,,,,,,,,,,,,,,,,,,,,,,,,,,,,,,,,,,,,,,,,,,,,,,
643bddaa215409eb7cae64d5,Battery,South korea,DN Automotive,VOLTEX,MF55559,55 AH,0,0,https://res.cloudinary.com/dvfuxrg12/image/upload/v1682754427/wwssbs4hknulahcklfx6.png,,14.27,14.7,0,,,,2023-05-15T07:27:55.703Z,0,0,,2023-04-16T11:36:10.007Z,,,,,,,,,,,,,,,,,,,,,,,,,,,,,,,,,,,,,,,,,,,,,,,,,,,,,,,,,,,,,,,,,,,,,,
643bddf9215409eb7cae64d7,Battery,South korea,DN Automotive,VOLTEX,MF56638,66 AH,0,0,https://res.cloudinary.com/dvfuxrg12/image/upload/v1682754451/wl25ku8huohowpwbheqh.png,,16.38,16.87,0,,,,2023-05-15T07:27:55.703Z,0,0,,2023-04-16T11:37:29.069Z,,,,,,,,,,,,,,,,,,,,,,,,,,,,,,,,,,,,,,,,,,,,,,,,,,,,,,,,,,,,,,,,,,,,,,
643bde51215409eb7cae64d9,Battery,South korea,DN Automotive,VOLTEX,MF57412,74 AH,0,0,https://res.cloudinary.com/dvfuxrg12/image/upload/v1682754467/mbcgfvgx77bpm57qwwh2.png,,17.37,17.89,0,,,,2023-05-15T07:27:55.703Z,0,0,,2023-04-16T11:38:57.255Z,,,,,,,,,,,,,,,,,,,,,,,,,,,,,,,,,,,,,,,,,,,,,,,,,,,,,,,,,,,,,,,,,,,,,,
643bde9c215409eb7cae64db,Battery,South korea,DN Automotive,VOLTEX,MF95D31R,90 AH,0,0,https://res.cloudinary.com/dvfuxrg12/image/upload/v1682754487/h5wfus9l157zv7d4u92t.png,,20.5,21.13,0,,,,2023-05-15T07:27:55.703Z,0,0,,2023-04-16T11:40:12.541Z,,,,,,,,,,,,,,,,,,,,,,,,,,,,,,,,,,,,,,,,,,,,,,,,,,,,,,,,,,,,,,,,,,,,,,
643bdee8215409eb7cae64dd,Battery,South korea,DN Automotive,VOLTEX,MF60044,100 AH,0,0,https://res.cloudinary.com/dvfuxrg12/image/upload/v1682754507/ann8wipx18qlrlk4dfbt.png,,22,23.1,0,,,,2023-05-15T07:27:55.703Z,0,0,,2023-04-16T11:41:28.705Z,,,,,,,,,,,,,,,,,,,,,,,,,,,,,,,,,,,,,,,,,,,,,,,,,,,,,,,,,,,,,,,,,,,,,,
643bdf1b215409eb7cae64df,Battery,South korea,DN Automotive,VOLTEX,MF1000R,100 AH,0,0,https://res.cloudinary.com/dvfuxrg12/image/upload/v1682754534/jueasyetapdujxfaw6uj.png,,22.13,22.79,0,,,,2023-05-15T07:27:55.703Z,0,0,,2023-04-16T11:42:19.930Z,,,,,,,,,,,,,,,,,,,,,,,,,,,,,,,,,,,,,,,,,,,,,,,,,,,,,,,,,,,,,,,,,,,,,,
643bdf65215409eb7cae64e1,Battery,South korea,DN Automotive,VOLTEX,MF1000RA,100 AH,0,0,https://res.cloudinary.com/dvfuxrg12/image/upload/v1682754548/juwhda8xppcjs2e9e8cr.png,,24.23,24.96,0,,,,2023-05-15T07:27:55.703Z,0,0,,2023-04-16T11:43:33.350Z,,,,,,,,,,,,,,,,,,,,,,,,,,,,,,,,,,,,,,,,,,,,,,,,,,,,,,,,,,,,,,,,,,,,,,
643be0bd215409eb7cae64e6,Battery,South korea,DN Automotive,VOLTEX,MF160G51R,150 AH,0,0,https://res.cloudinary.com/dvfuxrg12/image/upload/v1682754576/gex0rkzmdcmnyetusnfj.png,,38.77,39.93,0,,,,2023-05-15T07:27:55.703Z,0,0,,2023-04-16T11:49:17.322Z,,,,,,,,,,,,,,,,,,,,,,,,,,,,,,,,,,,,,,,,,,,,,,,,,,,,,,,,,,,,,,,,,,,,,,
643be133215409eb7cae64e8,Battery,South korea,DN Automotive,VOLTEX,MF210H52R,200 AH,0,0,https://res.cloudinary.com/dvfuxrg12/image/upload/v1682754628/aw8qwpvnjaudhk4t83ml.png,,50.65,52.16,0,,,,2023-05-15T07:27:55.703Z,0,0,,2023-04-16T11:51:15.589Z,,,,,,,,,,,,,,,,,,,,,,,,,,,,,,,,,,,,,,,,,,,,,,,,,,,,,,,,,,,,,,,,,,,,,,
643be247215409eb7cae64ea,Battery,South korea,DN Automotive,DTR,MF32B19L,30 AH,0,0,https://res.cloudinary.com/dvfuxrg12/image/upload/v1682703498/sgvcuf83h11civpb5vbq.png,,8.9,9.17,0,,,,2023-05-15T07:27:55.703Z,0,0,,2023-04-16T11:55:51.468Z,,,,,,,,,,,,,,,,,,,,,,,,,,,,,,,,,,,,,,,,,,,,,,,,,,,,,,,,,,,,,,,,,,,,,,
643be297215409eb7cae64ec,Battery,South korea,DN Automotive,DTR,MF50B24LS,40 AH,0,0,https://res.cloudinary.com/dvfuxrg12/image/upload/v1682703506/edlcgmjgoisd6lu8c1hb.png,,11.12,11.45,0,,,,2023-05-15T07:27:55.703Z,0,0,,2023-04-16T11:57:11.770Z,,,,,,,,,,,,,,,,,,,,,,,,,,,,,,,,,,,,,,,,,,,,,,,,,,,,,,,,,,,,,,,,,,,,,,
643be2ce215409eb7cae64ee,Battery,South korea,DN Automotive,DTR,MF55559,55 AH,0,0,https://res.cloudinary.com/dvfuxrg12/image/upload/v1682703519/j6sfs2vcuo10inxgpu44.png,,14.27,14.7,0,,,,2023-05-15T07:27:55.703Z,0,0,,2023-04-16T11:58:06.972Z,,,,,,,,,,,,,,,,,,,,,,,,,,,,,,,,,,,,,,,,,,,,,,,,,,,,,,,,,,,,,,,,,,,,,,
643be31b215409eb7cae64f0,Battery,South korea,DN Automotive,DTR,MF56638,66 AH,0,0,https://res.cloudinary.com/dvfuxrg12/image/upload/v1682703526/dr6ya4wpgxzpd7iu63nk.png,,16.38,16.87,0,,,,2023-05-15T07:27:55.703Z,0,0,,2023-04-16T11:59:23.601Z,,,,,,,,,,,,,,,,,,,,,,,,,,,,,,,,,,,,,,,,,,,,,,,,,,,,,,,,,,,,,,,,,,,,,,
643be37c215409eb7cae64f2,Battery,South korea,DN Automotive,DTR,MF80D26L,70 AH,0,0,https://res.cloudinary.com/dvfuxrg12/image/upload/v1682754825/pclivhmsrjhbb8nywwz6.png,,16.79,17.29,0,,,,2023-05-15T07:27:55.703Z,0,0,,2023-04-16T12:01:00.912Z,,,,,,,,,,,,,,,,,,,,,,,,,,,,,,,,,,,,,,,,,,,,,,,,,,,,,,,,,,,,,,,,,,,,,,
643be425215409eb7cae64f4,Battery,South korea,DN Automotive,DTR,MF95D31R,90 AH,0,0,https://res.cloudinary.com/dvfuxrg12/image/upload/v1682754722/acahxulctpjnlr0asxs9.png,,19.27,19.85,0,,,,2023-05-15T07:27:55.703Z,0,0,,2023-04-16T12:03:49.219Z,,,,,,,,,,,,,,,,,,,,,,,,,,,,,,,,,,,,,,,,,,,,,,,,,,,,,,,,,,,,,,,,,,,,,,
643bebdb215409eb7cae64f7,Battery,South korea,DN Automotive,DTR,MF1000R,100 AH,0,0,https://res.cloudinary.com/dvfuxrg12/image/upload/v1682703569/g3phryzyhml01mgroiyl.png,,0,0,0,,,,2023-05-15T07:27:55.703Z,0,0,,2023-04-16T12:36:43.626Z,,,,,,,,,,,,,,,,,,,,,,,,,,,,,,,,,,,,,,,,,,,,,,,,,,,,,,,,,,,,,,,,,,,,,,
643bec1c215409eb7cae64f9,Battery,South korea,DN Automotive,DTR,MF1000RA,100 AH,0,0,https://res.cloudinary.com/dvfuxrg12/image/upload/v1682754895/o7dri2aicyb7hefwyx1u.png,,24.23,24.96,0,,,,2023-05-15T07:27:55.703Z,0,0,,2023-04-16T12:37:48.919Z,,,,,,,,,,,,,,,,,,,,,,,,,,,,,,,,,,,,,,,,,,,,,,,,,,,,,,,,,,,,,,,,,,,,,,
643bec7a215409eb7cae64fb,Battery,South korea,DN Automotive,DTR,MF160G51R,150 AH,0,0,https://res.cloudinary.com/dvfuxrg12/image/upload/v1682703591/omfvdijdimoel4f3zzbe.png,,38.77,39.93,0,,,,2023-05-15T07:27:55.703Z,0,0,,2023-04-16T12:39:22.741Z,,,,,,,,,,,,,,,,,,,,,,,,,,,,,,,,,,,,,,,,,,,,,,,,,,,,,,,,,,,,,,,,,,,,,,
643becd7215409eb7cae64fd,Battery,South korea,DN Automotive,DTR,MF21052R,200 AH,0,0,https://res.cloudinary.com/dvfuxrg12/image/upload/v1682703600/g5q9y8z9kkfaxdrvrezr.png,,50.65,52.16,1,,,,2023-05-15T07:27:55.703Z,0,0,,2023-04-16T12:40:55.954Z,,,,,,,,,,,,,,,,,,,,,,,,,,,,,,,,,,,,,,,,,,,,,,,,,,,,,,,,,,,,,,,,,,,,,,
643bee9c215409eb7cae6500,Battery,South korea,Sebang,ROCKET,SMFN40L,40 AH,0,0,https://res.cloudinary.com/dvfuxrg12/image/upload/v1682750791/onelaxf3488spkkx6qyd.png,,11.3,11.7,0,,,,2023-05-15T07:27:55.703Z,0,0,,2023-04-16T12:48:28.757Z,,,,,,,,,,,,,,,,,,,,,,,,,,,,,,,,,,,,,,,,,,,,,,,,,,,,,,,,,,,,,,,,,,,,,,
643bef1c215409eb7cae6502,Battery,South korea,Sebang,ROCKET,SMF56638,66 AH,0,0,https://res.cloudinary.com/dvfuxrg12/image/upload/v1682703658/tcey7a32lq35nj5zgnvn.png,,16.5,16.74,0,,,,2023-05-15T07:27:55.703Z,0,0,,2023-04-16T12:50:36.150Z,,,,,,,,,,,,,,,,,,,,,,,,,,,,,,,,,,,,,,,,,,,,,,,,,,,,,,,,,,,,,,,,,,,,,,
643bef68215409eb7cae6504,Battery,South korea,Sebang,ROCKET,SMF80D26L,70 AH,0,0,https://res.cloudinary.com/dvfuxrg12/image/upload/v1682755829/xxph87bv8xohpwtnqv8k.png,,17.89,18.47,0,,,,2023-05-15T07:27:55.703Z,0,0,,2023-04-16T12:51:52.024Z,,,,,,,,,,,,,,,,,,,,,,,,,,,,,,,,,,,,,,,,,,,,,,,,,,,,,,,,,,,,,,,,,,,,,,
643befd6215409eb7cae6506,Battery,South korea,Sebang,ROCKET,SMF95D31R,90 AH,0,0,https://res.cloudinary.com/dvfuxrg12/image/upload/v1682758071/c0nfpyttn0zifm7up0cm.png,,19.8,20.2,0,,,,2023-05-15T07:27:55.703Z,0,0,,2023-04-16T12:53:42.729Z,,,,,,,,,,,,,,,,,,,,,,,,,,,,,,,,,,,,,,,,,,,,,,,,,,,,,,,,,,,,,,,,,,,,,,
643bf047215409eb7cae6508,Battery,South korea,Sebang,ROCKET,SMF95D31L,90 AH,0,0,https://res.cloudinary.com/dvfuxrg12/image/upload/v1682756965/wbucrpvehfpjkcyhm2ew.png,,19.6,20.1,0,,,,2023-05-15T07:27:55.703Z,0,0,,2023-04-16T12:55:35.276Z,,,,,,,,,,,,,,,,,,,,,,,,,,,,,,,,,,,,,,,,,,,,,,,,,,,,,,,,,,,,,,,,,,,,,,
643bf0a4215409eb7cae650a,Battery,South korea,Sebang,ROCKET,SMF60033,100 AH,0,0,https://res.cloudinary.com/dvfuxrg12/image/upload/v1682756980/dhuvhicrglkvssggud46.png,,21.4,21.7,0,,,,2023-05-15T07:27:55.703Z,0,0,,2023-04-16T12:57:08.072Z,,,,,,,,,,,,,,,,,,,,,,,,,,,,,,,,,,,,,,,,,,,,,,,,,,,,,,,,,,,,,,,,,,,,,,
643bf0e4215409eb7cae650c,Battery,South korea,Sebang,ROCKET,SMF60044,100 AH,0,0,https://res.cloudinary.com/dvfuxrg12/image/upload/v1682755569/qvjiiijeeqffccnhcypa.png,,22.4,22.7,0,,,,2023-05-15T07:27:55.703Z,0,0,,2023-04-16T12:58:12.893Z,,,,,,,,,,,,,,,,,,,,,,,,,,,,,,,,,,,,,,,,,,,,,,,,,,,,,,,,,,,,,,,,,,,,,,
643bf129215409eb7cae650e,Battery,South korea,Sebang,ROCKET,SMF1000RA,100 AH,0,0,https://res.cloudinary.com/dvfuxrg12/image/upload/v1682755522/qbllqykqokywfknpiu3f.png,,24,24.37,0,,,,2023-05-15T07:27:55.703Z,0,0,Ahmad Khalil,2023-04-16T12:59:21.317Z,,,,,,,,,,,,,,,,,,,,,,,,,,,,,,,,,,,,,,,,,,,,,,,,,,,,,,,,,,,,,,,,,,,,,,
643bf173215409eb7cae6510,Battery,South korea,Sebang,ROCKET,SMFN150L,150 AH,0,0,https://res.cloudinary.com/dvfuxrg12/image/upload/v1682755461/kfogtewivcpjkbqqykmn.png,,39.5,40.18,0,448,,,2023-05-15T07:27:55.703Z,0,0,Ahmad Khalil,2023-04-16T13:00:35.324Z,,,,,,,,,,,,,,,,,,,,,,,,,,,,,,,,,,,,,,,,,,,,,,,,,,,,,,,,,,,,,,,,,,,,,,
643bf200215409eb7cae6514,Battery,South korea,Sebang,ROCKET,SMFN170L,170 AH,0,0,https://res.cloudinary.com/dvfuxrg12/image/upload/v1682755415/zrspj6cuglrbuz9fvfwc.png,,40.18,41.56,1,256,,,2023-05-15T07:27:55.703Z,0,0,Ahmad Khalil,2023-04-16T13:02:56.568Z,,,,,,,,,,,,,,,,,,,,,,,,,,,,,,,,,,,,,,,,,,,,,,,,,,,,,,,,,,,,,,,,,,,,,,
643bf24b215409eb7cae6516,Battery,South korea,Sebang,ROCKET,SMF200L,200 AH,0,0,https://res.cloudinary.com/dvfuxrg12/image/upload/v1682755347/rntxf5pkcfcqmichwxga.png,,53,53.91,0,255,,,2023-05-15T07:27:55.703Z,0,0,Ahmad Khalil,2023-04-16T13:04:11.424Z,,,,,,,,,,,,,,,,,,,,,,,,,,,,,,,,,,,,,,,,,,,,,,,,,,,,,,,,,,,,,,,,,,,,,,
643e59fc215409eb7cae6588,Battery,South korea,Sebang,SUPREME,SMF N200L,200 AH,,,https://res.cloudinary.com/dvfuxrg12/image/upload/v1682755255/gpujcmjk3biwhhkhvyps.png,,53,53.91,0,336,9,10,2023-05-15T07:27:55.703Z,0,0,Ahmad Khalil,2023-04-18T08:51:08.130Z,,,,,,,,,,,,,,,,,,,,,,,,,,,,,,,,,,,,,,,,,,,,,,,,,,,,,,,,,,,,,,,,,,,,,,
6446721ae40eaab42e9ae80b,Battery,Thailand,3k,TUFLONG,N40L,40 AH,,,https://res.cloudinary.com/dvfuxrg12/image/upload/v1682750972/mcjquxexdssdfgopxjcr.png,,6.58,6.88,0,100,9,10,2023-05-15T07:27:55.703Z,0,0,Ahmad Khalil,2023-04-24T12:12:10.623Z,,,,,,,,,,,,,,,,,,,,,,,,,,,,,,,,,,,,,,,,,,,,,,,,,,,,,,,,,,,,,,,,,,,,,,
64467275e40eaab42e9ae80e,Battery,Thailand,3k,TUFLONG,N50L,50 AH,0,0,https://res.cloudinary.com/dvfuxrg12/image/upload/v1682750990/pagj8bvgspoagikgwwez.png,,8.95,9.25,0,,,,2023-05-15T07:27:55.703Z,0,0,Ahmad Khalil,2023-04-24T12:13:41.330Z,,,,,,,,,,,,,,,,,,,,,,,,,,,,,,,,,,,,,,,,,,,,,,,,,,,,,,,,,,,,,,,,,,,,,,
644672b0e40eaab42e9ae810,Battery,Thailand,3k,TUFLONG,N100,100 AH,0,0,https://res.cloudinary.com/dvfuxrg12/image/upload/v1682751062/ccdx9qhq1u9wnq0iuqcf.png,,16.04,16.64,0,1000,,,2023-05-15T07:27:55.703Z,0,0,Ahmad Khalil,2023-04-24T12:14:40.395Z,,,,,,,,,,,,,,,,,,,,,,,,,,,,,,,,,,,,,,,,,,,,,,,,,,,,,,,,,,,,,,,,,,,,,,
644672e8e40eaab42e9ae812,Battery,Thailand,3k,TUFLONG,N150,150 AH,0,0,https://res.cloudinary.com/dvfuxrg12/image/upload/v1682751074/fwcaafznmwfblgop2j6r.png,,25.55,26.15,0,600,,,2023-05-15T07:27:55.703Z,0,0,Ahmad Khalil,2023-04-24T12:15:36.650Z,,,,,,,,,,,,,,,,,,,,,,,,,,,,,,,,,,,,,,,,,,,,,,,,,,,,,,,,,,,,,,,,,,,,,,
64467498e40eaab42e9ae821,Battery,Thailand,3k,TUFLONG,N200,200 AH,,,https://res.cloudinary.com/dvfuxrg12/image/upload/v1682751085/cuie9dqu7zfxgwqfedl6.png,,31.29,31.89,0,400,9,10,2023-05-15T07:27:55.703Z,0,0,Ahmad Khalil,2023-04-24T12:22:48.639Z,,,,,,,,,,,,,,,,,,,,,,,,,,,,,,,,,,,,,,,,,,,,,,,,,,,,,,,,,,,,,,,,,,,,,,
64468a5be40eaab42e9ae86e,Battery,China,Enkeel,RAMBO,CMF 40B19L,35AH,,,https://res.cloudinary.com/dvfuxrg12/image/upload/v1682703834/ib84n9vtcnvflkst5s3a.png,,9.2,9.7,0,,9,10,2023-05-15T07:27:55.703Z,0,0,,2023-04-24T13:55:39.925Z,,,,,,,,,,,,,,,,,,,,,,,,,,,,,,,,,,,,,,,,,,,,,,,,,,,,,,,,,,,,,,,,,,,,,,
64468ac4e40eaab42e9ae873,Battery,China,JINHUA JUJIANG,RAMBO,CMF 55B24L,50 AH,0,0,https://res.cloudinary.com/dvfuxrg12/image/upload/v1682703848/h9ohvanekpsroh0gy1pa.png,,11.5,12,0,,,,2023-05-15T07:27:55.703Z,0,0,,2023-04-24T13:57:24.563Z,,,,,,,,,,,,,,,,,,,,,,,,,,,,,,,,,,,,,,,,,,,,,,,,,,,,,,,,,,,,,,,,,,,,,,
64468b0be40eaab42e9ae875,Battery,China,JINHUA JUJIANG,RAMBO,CMF 55B24LS,50AH,0,0,https://res.cloudinary.com/dvfuxrg12/image/upload/v1682703865/gonhdexu2gdbgbhkqizn.png,,11.5,12,0,,,,2023-05-15T07:27:55.703Z,0,0,,2023-04-24T13:58:35.379Z,,,,,,,,,,,,,,,,,,,,,,,,,,,,,,,,,,,,,,,,,,,,,,,,,,,,,,,,,,,,,,,,,,,,,,
64468b5ce40eaab42e9ae878,Battery,China,JINHUA JUJIANG,RAMBO,CMF48D26R,40 AH,0,0,https://res.cloudinary.com/dvfuxrg12/image/upload/v1682703902/qq2fg8utkdrxmji9mwoq.png,,14.7,15.2,0,,,,2023-05-15T07:27:55.703Z,0,0,,2023-04-24T13:59:56.543Z,,,,,,,,,,,,,,,,,,,,,,,,,,,,,,,,,,,,,,,,,,,,,,,,,,,,,,,,,,,,,,,,,,,,,,
64468bd3e40eaab42e9ae87d,Battery,China,JINHUA JUJIANG,RAMBO,CMF 80D26L,70 AH,0,0,https://res.cloudinary.com/dvfuxrg12/image/upload/v1682703913/skjsbpjwltnjsmexpmpg.png,,16.9,17.4,0,,,,2023-05-15T07:27:55.703Z,0,0,,2023-04-24T14:01:55.162Z,,,,,,,,,,,,,,,,,,,,,,,,,,,,,,,,,,,,,,,,,,,,,,,,,,,,,,,,,,,,,,,,,,,,,,
64468c04e40eaab42e9ae87f,Battery,China,JINHUA JUJIANG,RAMBO,CMF 80D26R,70 AH,0,0,https://res.cloudinary.com/dvfuxrg12/image/upload/v1682703924/iiygxcmeg45maqt5ukhu.png,,16.9,17.4,0,,,,2023-05-15T07:27:55.703Z,0,0,,2023-04-24T14:02:44.846Z,,,,,,,,,,,,,,,,,,,,,,,,,,,,,,,,,,,,,,,,,,,,,,,,,,,,,,,,,,,,,,,,,,,,,,
64468c50e40eaab42e9ae881,Battery,China,JINHUA JUJIANG,RAMBO,CMF 55D23L,50 AH,0,0,https://res.cloudinary.com/dvfuxrg12/image/upload/v1682703944/alsj3fv6j0junnziospw.png,,14.6,15.1,0,,,,2023-05-15T07:27:55.703Z,0,0,,2023-04-24T14:04:00.878Z,,,,,,,,,,,,,,,,,,,,,,,,,,,,,,,,,,,,,,,,,,,,,,,,,,,,,,,,,,,,,,,,,,,,,,
64468c78e40eaab42e9ae883,Battery,China,DN Automotive,RAMBO,CMF 55D23R,55 AH,0,0,https://res.cloudinary.com/dvfuxrg12/image/upload/v1682703974/tmjieafv1gqlwuwj5cet.png,,14.6,15.1,0,,,,2023-05-15T07:27:55.703Z,0,0,,2023-04-24T14:04:40.723Z,,,,,,,,,,,,,,,,,,,,,,,,,,,,,,,,,,,,,,,,,,,,,,,,,,,,,,,,,,,,,,,,,,,,,,
64468cc1e40eaab42e9ae886,Battery,China,Sebang,RAMBO,CMF 105D31R,90 AH,0,0,https://res.cloudinary.com/dvfuxrg12/image/upload/v1682750192/rfyry1umhtqkvnuaroh1.png,,19.7,20.2,0,,,,2023-05-15T07:27:55.703Z,0,0,,2023-04-24T14:05:54.000Z,,,,,,,,,,,,,,,,,,,,,,,,,,,,,,,,,,,,,,,,,,,,,,,,,,,,,,,,,,,,,,,,,,,,,,
64468ce9e40eaab42e9ae888,Battery,China,Sebang,RAMBO,CMF 105D31L,90 AH,0,0,https://res.cloudinary.com/dvfuxrg12/image/upload/v1682704023/byin0stwsmwpkliko2gd.png,,0,0,0,,,,2023-05-15T07:27:55.703Z,0,0,,2023-04-24T14:06:33.561Z,,,,,,,,,,,,,,,,,,,,,,,,,,,,,,,,,,,,,,,,,,,,,,,,,,,,,,,,,,,,,,,,,,,,,,
64468d18e40eaab42e9ae88a,Battery,China,DN Automotive,RAMBO,CMF 54459,55 AH,0,0,https://res.cloudinary.com/dvfuxrg12/image/upload/v1682749982/kbhdwfgnmpw77y2chmsl.png,,11,11.5,0,,,,2023-05-15T07:27:55.703Z,0,0,,2023-04-24T14:07:20.948Z,,,,,,,,,,,,,,,,,,,,,,,,,,,,,,,,,,,,,,,,,,,,,,,,,,,,,,,,,,,,,,,,,,,,,,
64468d84e40eaab42e9ae88e,Battery,China,Sebang,RAMBO,CMF 55559,55 AH,0,0,https://res.cloudinary.com/dvfuxrg12/image/upload/v1682704051/rgxuc2uzb260hvuglgce.png,,13.3,13.8,0,,,,2023-05-15T07:27:55.703Z,0,0,,2023-04-24T14:09:08.809Z,,,,,,,,,,,,,,,,,,,,,,,,,,,,,,,,,,,,,,,,,,,,,,,,,,,,,,,,,,,,,,,,,,,,,,
64468df3e40eaab42e9ae892,Battery,China,Sebang,RAMBO,CMF 56638,66 AH,0,0,https://res.cloudinary.com/dvfuxrg12/image/upload/v1682704069/wmlrzulbwsldnwqsvfzj.png,,15.7,16.2,0,,,,2023-05-15T07:27:55.703Z,0,0,,2023-04-24T14:10:59.903Z,,,,,,,,,,,,,,,,,,,,,,,,,,,,,,,,,,,,,,,,,,,,,,,,,,,,,,,,,,,,,,,,,,,,,,
64468e39e40eaab42e9ae894,Battery,China,Sebang,RAMBO,CMF N120,120 AH,0,0,https://res.cloudinary.com/dvfuxrg12/image/upload/v1682704078/yfmhho17myty7qxtprjt.png,,31.5,32,0,,,,2023-05-15T07:27:55.703Z,0,0,,2023-04-24T14:12:09.420Z,,,,,,,,,,,,,,,,,,,,,,,,,,,,,,,,,,,,,,,,,,,,,,,,,,,,,,,,,,,,,,,,,,,,,,
64468e60e40eaab42e9ae896,Battery,South korea,DN Automotive,RAMBO,CMF N150,150 AH,0,0,https://res.cloudinary.com/dvfuxrg12/image/upload/v1682704089/lkof0apoh7806xjlk0b1.png,,35.3,35.8,0,,,,2023-05-15T07:27:55.703Z,0,0,Ahmad Khalil,2023-04-24T14:12:48.509Z,,,,,,,,,,,,,,,,,,,,,,,,,,,,,,,,,,,,,,,,,,,,,,,,,,,,,,,,,,,,,,,,,,,,,,
64468f0ee40eaab42e9ae899,Battery,South korea,DN Automotive,GOLDEN POWER,CMF 40B19L,35 AH,0,0,https://res.cloudinary.com/dvfuxrg12/image/upload/v1682704104/ffpoffdlggrrvqmoofjw.png,,0,0,0,,,,2023-05-15T07:27:55.703Z,0,0,,2023-04-24T14:15:42.653Z,,,,,,,,,,,,,,,,,,,,,,,,,,,,,,,,,,,,,,,,,,,,,,,,,,,,,,,,,,,,,,,,,,,,,,
64468f62e40eaab42e9ae89b,Battery,South korea,Sebang,GOLDEN POWER,CMF 55B24L,40 AH,0,0,https://res.cloudinary.com/dvfuxrg12/image/upload/v1682704119/xsknamghmsklgjxa7whx.png,,0,0,0,,,,2023-05-15T07:27:55.703Z,0,0,,2023-04-24T14:17:06.625Z,,,,,,,,,,,,,,,,,,,,,,,,,,,,,,,,,,,,,,,,,,,,,,,,,,,,,,,,,,,,,,,,,,,,,,
64468f91e40eaab42e9ae89d,Battery,South korea,DN Automotive,GOLDEN POWER,CMF 55B24LS,55 AH,0,0,https://res.cloudinary.com/dvfuxrg12/image/upload/v1682704136/fcpogmtbz3nnsxhvrpyo.png,,0,0,0,,,,2023-05-15T07:27:55.703Z,0,0,,2023-04-24T14:17:53.203Z,,,,,,,,,,,,,,,,,,,,,,,,,,,,,,,,,,,,,,,,,,,,,,,,,,,,,,,,,,,,,,,,,,,,,,
64468fd2e40eaab42e9ae89f,Battery,South korea,DN Automotive,GOLDEN POWER,CMF 48D26L,40 AH,0,0,https://res.cloudinary.com/dvfuxrg12/image/upload/v1682704160/tvirsb84gu2zofz4brzo.png,,0,0,0,,,,2023-05-15T07:27:55.703Z,0,0,,2023-04-24T14:18:58.047Z,,,,,,,,,,,,,,,,,,,,,,,,,,,,,,,,,,,,,,,,,,,,,,,,,,,,,,,,,,,,,,,,,,,,,,
64468ff5e40eaab42e9ae8a1,Battery,South korea,DN Automotive,GOLDEN POWER,CMF 48D26R,40 AH,0,0,https://res.cloudinary.com/dvfuxrg12/image/upload/v1682704184/jbzpykqq84ekbkztpjtl.png,,0,0,0,,,,2023-05-15T07:27:55.703Z,0,0,,2023-04-24T14:19:33.928Z,,,,,,,,,,,,,,,,,,,,,,,,,,,,,,,,,,,,,,,,,,,,,,,,,,,,,,,,,,,,,,,,,,,,,,
64469025e40eaab42e9ae8a3,Battery,South korea,Sebang,GOLDEN POWER,CMF 80D26L,70 AH,,,https://res.cloudinary.com/dvfuxrg12/image/upload/v1682704200/kpekrrdkb4wbanz3zkyw.png,,,,0,,9,10,2023-05-15T07:27:55.703Z,0,0,,2023-04-24T14:20:21.665Z,,,,,,,,,,,,,,,,,,,,,,,,,,,,,,,,,,,,,,,,,,,,,,,,,,,,,,,,,,,,,,,,,,,,,,
64469047e40eaab42e9ae8a5,Battery,South korea,DN Automotive,GOLDEN POWER,CMF 80D26R,70 AH,0,0,https://res.cloudinary.com/dvfuxrg12/image/upload/v1682750723/vrrkvue6dj5jztib9p7k.png,,0,0,0,,,,2023-05-15T07:27:55.703Z,0,0,,2023-04-24T14:20:55.174Z,,,,,,,,,,,,,,,,,,,,,,,,,,,,,,,,,,,,,,,,,,,,,,,,,,,,,,,,,,,,,,,,,,,,,,
6446906ce40eaab42e9ae8a7,Battery,South korea,DN Automotive,GOLDEN POWER,CMF 55D23L,55 AH,0,0,https://res.cloudinary.com/dvfuxrg12/image/upload/v1682750603/eihfp13ygxdljsswljo7.png,,0,0,0,,,,2023-05-15T07:27:55.703Z,0,0,,2023-04-24T14:21:32.008Z,,,,,,,,,,,,,,,,,,,,,,,,,,,,,,,,,,,,,,,,,,,,,,,,,,,,,,,,,,,,,,,,,,,,,,
6446908be40eaab42e9ae8a9,Battery,South korea,DN Automotive,GOLDEN POWER,CMF 55D23R,55 AH,0,0,https://res.cloudinary.com/dvfuxrg12/image/upload/v1682750614/mpyokgef8irbqmyioqx5.png,,0,0,0,,,,2023-05-15T07:27:55.703Z,0,0,,2023-04-24T14:22:03.186Z,,,,,,,,,,,,,,,,,,,,,,,,,,,,,,,,,,,,,,,,,,,,,,,,,,,,,,,,,,,,,,,,,,,,,,
644690b3e40eaab42e9ae8ab,Battery,South korea,Sebang,GOLDEN POWER,CMF 105D31R,90 AH,0,0,https://res.cloudinary.com/dvfuxrg12/image/upload/v1682750644/jimaaqmgmvpwx2vcfhy2.png,,0,0,0,,,,2023-05-15T07:27:55.703Z,0,0,,2023-04-24T14:22:43.258Z,,,,,,,,,,,,,,,,,,,,,,,,,,,,,,,,,,,,,,,,,,,,,,,,,,,,,,,,,,,,,,,,,,,,,,
644690d5e40eaab42e9ae8ad,Battery,South korea,Sebang,GOLDEN POWER,CMF 105D31L,90 AH,0,0,https://res.cloudinary.com/dvfuxrg12/image/upload/v1682750656/ph2zfkoazjef4qzxiqtt.png,,0,0,0,,,,2023-05-15T07:27:55.703Z,0,0,,2023-04-24T14:23:17.256Z,,,,,,,,,,,,,,,,,,,,,,,,,,,,,,,,,,,,,,,,,,,,,,,,,,,,,,,,,,,,,,,,,,,,,,
644692ece40eaab42e9ae8c1,Battery,South korea,DN Automotive,GOLDEN POWER,CMF 54459,50 AH,0,0,https://res.cloudinary.com/dvfuxrg12/image/upload/v1682750683/j8f2czis56jr3tvttdr9.png,,0,0,0,,,,2023-05-15T07:27:55.703Z,0,0,Ahmad Khalil,2023-04-24T14:32:12.131Z,,,,,,,,,,,,,,,,,,,,,,,,,,,,,,,,,,,,,,,,,,,,,,,,,,,,,,,,,,,,,,,,,,,,,,
64469310e40eaab42e9ae8c3,Battery,China,Enkeel,GOLDEN POWER,CMF 55559,55 Ah,0,5.53,https://res.cloudinary.com/dvfuxrg12/image/upload/v1682703370/p79jxsjxr8fw9read07p.png,,1.8,1.9,0,50,55,6.0955,2023-05-15T07:27:55.703Z,0,0,,2023-04-24T14:32:48.448Z,,,,,,,,,,,,,,,,,,,,,,,,,,,,,,,,,,,,,,,,,,,,,,,,,,,,,,,,,,,,,,,,,,,,,,
64469340e40eaab42e9ae8c5,Battery,China,Enkeel,GOLDEN POWER,CMF 57412,60 Ah,0,6.45,https://res.cloudinary.com/dvfuxrg12/image/upload/v1682703355/nd9bj4ngc7ewksfabeij.png,,2.4,2.5,0,300,8.08,7.1,2023-05-15T07:27:55.703Z,0,0,Osama,2023-04-24T14:33:36.085Z,,,,,,,,,,,,,,,,,,,,,,,,,,,,,,,,,,,,,,,,,,,,,,,,,,,,,,,,,,,,,,,,,,,,,,
64469366e40eaab42e9ae8c7,Battery,China,Enkeel,GOLDEN POWER,CMF 65-660,100 Ah,0,5.23,https://res.cloudinary.com/dvfuxrg12/image/upload/v1682703342/ohqqxgnftwsvnwy1j8od.png,,1.9,2,0,9700,6.93,6.5,2023-05-15T07:27:55.703Z,0,0,,2023-04-24T14:34:14.812Z,,,,,,,,,,,,,,,,,,,,,,,,,,,,,,,,,,,,,,,,,,,,,,,,,,,,,,,,,,,,,,,,,,,,,,
644693a4e40eaab42e9ae8c9,Battery,China,Suoer,GOLDEN POWER,CMF N120,120 AH,0,21.34,https://res.cloudinary.com/dvfuxrg12/image/upload/v1682703314/ixkgckzokgtrki74dyil.png,,1.1,1.2,0,2400,27.01,23.487,2023-05-15T07:27:55.703Z,0,0,,2023-04-24T14:35:16.938Z,,,,,,,,,,,,,,,,,,,,,,,,,,,,,,,,,,,,,,,,,,,,,,,,,,,,,,,,,,,,,,,,,,,,,,
644693f0e40eaab42e9ae8cb,Battery,China,Enkeel,GOLDEN POWER,CMF N150,150 AH,0,6.45,https://res.cloudinary.com/dvfuxrg12/image/upload/v1682703293/ps3t4ztygeugiuqz4buw.png,,2.45,2.55,0,300,8.08,7.1,2023-05-15T07:27:55.703Z,0,0,,2023-04-24T14:36:32.067Z,,,,,,,,,,,,,,,,,,,,,,,,,,,,,,,,,,,,,,,,,,,,,,,,,,,,,,,,,,,,,,,,,,,,,,
6446a5b2e40eaab42e9ae933,Solar,China,JINKO,JINKO,JKM555M-72HL4-V,555 AH,,14.37,https://res.cloudinary.com/dvfuxrg12/image/upload/v1682762688/kw5cqhc1e9yvvkogcauk.png,,0.04954954954,0.05306596919,19,2,2,15.81,2023-06-08T15:16:31.574Z,0,0,,2023-04-24T15:52:18.111Z,,,,,,,,,,,,,,,,,,,,,,,,,,,,,,,,,,,,,,,,,,,,,,,,,,,,,,,,,,,,,,,,,,,,,,
644779b4e40eaab42e9ae960,Inverter,China,Huawei,Huawei,SUN2000-6KTL-M1,6 KW,,,https://res.cloudinary.com/dvfuxrg12/image/upload/v1682703270/e7sc801xspahrz5a6ed4.png,,17,21,0,,9,10,2023-05-15T07:27:55.703Z,0,0,,2023-04-25T06:56:52.798Z,,,,,,,,,,,,,,,,,,,,,,,,,,,,,,,,,,,,,,,,,,,,,,,,,,,,,,,,,,,,,,,,,,,,,,
64477a01e40eaab42e9ae964,Inverter,China,Huawei,Huawei,SUN2000-8KTL-M1,8 KW,0,0,https://res.cloudinary.com/dvfuxrg12/image/upload/v1682703252/jvwqhsbehmwikahihbvx.png,,17,21,0,,,,2023-05-15T07:27:55.703Z,0,0,,2023-04-25T06:58:09.097Z,,,,,,,,,,,,,,,,,,,,,,,,,,,,,,,,,,,,,,,,,,,,,,,,,,,,,,,,,,,,,,,,,,,,,,
64477a39e40eaab42e9ae969,Inverter,China,Huawei,Huawei,SUN2000-10KTL-M1,10 KW,0,0,https://res.cloudinary.com/dvfuxrg12/image/upload/v1682703529/yfjk9kveykuyxoty85ut.png,,17,21,0,,,,2023-05-15T07:27:55.703Z,0,0,,2023-04-25T06:59:05.796Z,,,,,,,,,,,,,,,,,,,,,,,,,,,,,,,,,,,,,,,,,,,,,,,,,,,,,,,,,,,,,,,,,,,,,,
64477a63e40eaab42e9ae96d,Inverter,China,Huawei,Huawei,SUN2000-12KTL-M2,12 KW,0,0,https://res.cloudinary.com/dvfuxrg12/image/upload/v1682703238/wjyel0jnybttfi19npxp.png,,25,30,0,,,,2023-05-15T07:27:55.703Z,0,0,,2023-04-25T06:59:47.096Z,,,,,,,,,,,,,,,,,,,,,,,,,,,,,,,,,,,,,,,,,,,,,,,,,,,,,,,,,,,,,,,,,,,,,,
64477a87e40eaab42e9ae96f,Inverter,China,Huawei,Huawei,SUN2000-15KTL,15 KW,0,0,https://res.cloudinary.com/dvfuxrg12/image/upload/v1682703223/snkhd0xkgmxqrbxiq2l1.png,,25,30,0,,,,2023-05-15T07:27:55.703Z,0,0,,2023-04-25T07:00:23.155Z,,,,,,,,,,,,,,,,,,,,,,,,,,,,,,,,,,,,,,,,,,,,,,,,,,,,,,,,,,,,,,,,,,,,,,
64477aabe40eaab42e9ae971,Inverter,China,Huawei,Huawei,SUN2000-17KTL-M2,17 KW,0,0,https://res.cloudinary.com/dvfuxrg12/image/upload/v1682703207/tasqpm7omem2awjudrnv.png,,25,30,19,,,,2023-05-15T07:27:55.703Z,0,0,,2023-04-25T07:00:59.597Z,,,,,,,,,,,,,,,,,,,,,,,,,,,,,,,,,,,,,,,,,,,,,,,,,,,,,,,,,,,,,,,,,,,,,,
64477abce40eaab42e9ae973,Inverter,China,Huawei,Huawei,SUN2000-20KTL-M2,20 KW,0,0,https://res.cloudinary.com/dvfuxrg12/image/upload/v1682703193/mr0jmf4lnianh5cf34nl.png,,25,30,13,,,,2023-05-15T07:27:55.703Z,0,0,,2023-04-25T07:01:16.489Z,,,,,,,,,,,,,,,,,,,,,,,,,,,,,,,,,,,,,,,,,,,,,,,,,,,,,,,,,,,,,,,,,,,,,,
64478428e40eaab42e9ae9de,Solar,China,JINKO,JINKO,JINKOJKM550M-72HL4-V,550 W,0,0,https://res.cloudinary.com/dvfuxrg12/image/upload/v1682762701/yfjes0pkmw5wxox7a6nt.png,,0.05091,0.05401,3,,,,2023-05-15T07:27:55.703Z,0,0,,2023-04-25T07:41:28.630Z,,,,,,,,,,,,,,,,,,,,,,,,,,,,,,,,,,,,,,,,,,,,,,,,,,,,,,,,,,,,,,,,,,,,,,
64478a7be40eaab42e9aea02,Battery,South korea,DN Automotive,KOREANA,MF32B19L,30 AH,,,https://res.cloudinary.com/dvfuxrg12/image/upload/v1682750469/vv22tnx0dapw4iya6qpr.png,,8.9,9.17,0,,9,10,2023-05-15T07:27:55.703Z,0,0,,2023-04-25T08:08:27.566Z,,,,,,,,,,,,,,,,,,,,,,,,,,,,,,,,,,,,,,,,,,,,,,,,,,,,,,,,,,,,,,,,,,,,,,
64478ad6e40eaab42e9aea06,Battery,South korea,DN Automotive,KOREANA,MF50B24LS,40 AH,,,https://res.cloudinary.com/dvfuxrg12/image/upload/v1682750243/nrbtg2fnetsafaluwboc.png,,11.12,11.45,0,,9,10,2023-05-15T07:27:55.703Z,0,0,,2023-04-25T08:09:58.532Z,,,,,,,,,,,,,,,,,,,,,,,,,,,,,,,,,,,,,,,,,,,,,,,,,,,,,,,,,,,,,,,,,,,,,,
64478b06e40eaab42e9aea08,Battery,South korea,DN Automotive,KOREANA,MF55559,55 AH,0,0,https://res.cloudinary.com/dvfuxrg12/image/upload/v1682750255/gff6oghgvtunmd1ps2ss.png,,14.27,14.7,0,,,,2023-05-15T07:27:55.703Z,0,0,,2023-04-25T08:10:46.602Z,,,,,,,,,,,,,,,,,,,,,,,,,,,,,,,,,,,,,,,,,,,,,,,,,,,,,,,,,,,,,,,,,,,,,,
64478b3be40eaab42e9aea0a,Battery,South korea,DN Automotive,KOREANA,MF56638,66 AH,0,0,https://res.cloudinary.com/dvfuxrg12/image/upload/v1682750272/drhnzwpmav1p5qvxanp3.png,,16.38,16.87,6,,,,2023-05-15T07:27:55.703Z,0,0,,2023-04-25T08:11:39.173Z,,,,,,,,,,,,,,,,,,,,,,,,,,,,,,,,,,,,,,,,,,,,,,,,,,,,,,,,,,,,,,,,,,,,,,
64478b6fe40eaab42e9aea0c,Battery,South korea,DN Automotive,KOREANA,MF210H52R,200 AH,0,0,https://res.cloudinary.com/dvfuxrg12/image/upload/v1682750440/d8lhtmfgvykwkq0etyoc.png,,50.64,52.16,0,,,,2023-05-15T07:27:55.703Z,0,0,Ahmad Khalil,2023-04-25T08:12:31.570Z,,,,,,,,,,,,,,,,,,,,,,,,,,,,,,,,,,,,,,,,,,,,,,,,,,,,,,,,,,,,,,,,,,,,,,
64479225e40eaab42e9aea3c,Solar,China,JINKO,JINKO,JINKOJKM540M-72HL4-V,540 W,0,0,https://res.cloudinary.com/dvfuxrg12/image/upload/v1682762709/s7lxxaflovfyy3fc6umi.png,,0.05091,0.05401,3,,,,2023-05-15T07:27:55.703Z,0,0,Ahmad Khalil,2023-04-25T08:41:09.504Z,,,,,,,,,,,,,,,,,,,,,,,,,,,,,,,,,,,,,,,,,,,,,,,,,,,,,,,,,,,,,,,,,,,,,,
644cc31ff6ac4351d41d5933,Inverter,China,Voltronic,AGS,AGS VM IV 8KW- 48V TWIN,8 KW,,,https://res.cloudinary.com/dvfuxrg12/image/upload/v1682752283/bawtmrvylg9yzat0y0tz.png,,22,26.68,4,77,9,10,2023-05-15T07:27:55.703Z,9,0,Godfred,2023-04-29T07:11:27.450Z,,,,,,,,,,,,,,,,,,,,,,,,,,,,,,,,,,,,,,,,,,,,,,,,,,,,,,,,,,,,,,,,,,,,,,
644cc33ef6ac4351d41d593a,Inverter,China,Voltronic,AGS,AGS VM IV 11KW- 48V TWIN,11 KW,0,0,https://res.cloudinary.com/dvfuxrg12/image/upload/v1682752314/jcdxsxxseltit32yxrah.png,,21.95,26.69,39,88,,,2023-05-15T07:27:55.703Z,0,0,Ahmad,2023-04-29T07:11:58.960Z,,,,,,,,,,,,,,,,,,,,,,,,,,,,,,,,,,,,,,,,,,,,,,,,,,,,,,,,,,,,,,,,,,,,,,
644cc440f6ac4351d41d596c,Inverter,China,Voltronic,AGS,AGS VM IV 4KW- 24V TWIN,4 KW,,,https://res.cloudinary.com/dvfuxrg12/image/upload/v1682752573/y9xym7i2msllzhke191p.png,,10.22,12.3,3,545,9,10,2023-05-15T07:27:55.703Z,0,0,Shoaib,2023-04-29T07:16:16.784Z,,,,,,,,,,,,,,,,,,,,,,,,,,,,,,,,,,,,,,,,,,,,,,,,,,,,,,,,,,,,,,,,,,,,,,
644cc45af6ac4351d41d596f,Inverter,China,Voltronic,AGS,AGS VM IV 6KW- 48V TWIN,6 KW,0,0,https://res.cloudinary.com/dvfuxrg12/image/upload/v1682752600/arm94exgztnredm82co2.png,,11.57,13.66,3,1,,,2023-05-15T07:27:55.703Z,0,0,Ahmad Khalil,2023-04-29T07:16:42.203Z,,,,,,,,,,,,,,,,,,,,,,,,,,,,,,,,,,,,,,,,,,,,,,,,,,,,,,,,,,,,,,,,,,,,,,
644d2c7ef6ac4351d41d5c10,Battery,South korea,Sebang,MEGAPOWER,SMF 40B19L,30 AH,,,https://res.cloudinary.com/dvfuxrg12/image/upload/v1682779260/a9hq7aqglwsrnxhgmtnn.png,,8.8,8.94,7,887,9,10,2023-05-15T07:27:55.703Z,0,0,Ahmad Khalil,2023-04-29T14:41:02.172Z,,,,,,,,,,,,,,,,,,,,,,,,,,,,,,,,,,,,,,,,,,,,,,,,,,,,,,,,,,,,,,,,,,,,,,
644d2cc5f6ac4351d41d5c12,Battery,South korea,Sebang,MEGAPOWER,MFN40L,40 AH,0,0,https://res.cloudinary.com/dvfuxrg12/image/upload/v1682779331/q76uol7uk7m87yjvcury.png,,10.6,10.79,13,892,,,2023-05-15T07:27:55.703Z,0,0,Ahmad Khalil,2023-04-29T14:42:13.020Z,,,,,,,,,,,,,,,,,,,,,,,,,,,,,,,,,,,,,,,,,,,,,,,,,,,,,,,,,,,,,,,,,,,,,,
644d2cf8f6ac4351d41d5c17,Battery,South korea,Sebang,MEGAPOWER,SMF55559,55 AH,0,0,https://res.cloudinary.com/dvfuxrg12/image/upload/v1682779382/og4hlarnn9hyujktpmnb.png,,13.7,14.1,9,4283,,,2023-05-15T07:27:55.703Z,10,0,Ahmad Khalil,2023-04-29T14:43:04.217Z,,,,,,,,,,,,,,,,,,,,,,,,,,,,,,,,,,,,,,,,,,,,,,,,,,,,,,,,,,,,,,,,,,,,,,
644d2d27f6ac4351d41d5c1b,Battery,South korea,Sebang,MEGAPOWER,MF56638,66 AH,0,0,https://res.cloudinary.com/dvfuxrg12/image/upload/v1682779430/iy05xboy97ohjzucjidc.png,,15.9,16.14,23,450,,,2023-05-15T07:27:55.703Z,53,0,Osama,2023-04-29T14:43:51.661Z,,,,,,,,,,,,,,,,,,,,,,,,,,,,,,,,,,,,,,,,,,,,,,,,,,,,,,,,,,,,,,,,,,,,,,
644d2d65f6ac4351d41d5c20,Battery,South korea,Sebang,MEGAPOWER,MF80D26L,70 AH,0,0,https://res.cloudinary.com/dvfuxrg12/image/upload/v1682779992/jl6mn577g22v1r4r85tj.png,,17.1,17.68,9,634,,,2023-05-15T07:27:55.703Z,7,0,Ahmad Khalil,2023-04-29T14:44:53.637Z,,,,,,,,,,,,,,,,,,,,,,,,,,,,,,,,,,,,,,,,,,,,,,,,,,,,,,,,,,,,,,,,,,,,,,
644d2da6f6ac4351d41d5c28,Battery,South korea,Sebang,MEGAPOWER,MF95D31,90 AH,,,https://res.cloudinary.com/dvfuxrg12/image/upload/v1682779557/ndljeq4fqwus4xvvlflm.png,,19.61,20.22,19,1152,9,10,2023-05-15T07:27:55.703Z,21,0,Ahmad Khalil,2023-04-29T14:45:58.945Z,,,,,,,,,,,,,,,,,,,,,,,,,,,,,,,,,,,,,,,,,,,,,,,,,,,,,,,,,,,,,,,,,,,,,,
644d2e50f6ac4351d41d5c32,Battery,South korea,Sebang,MEGAPOWER,SMF 60033,100 AH,0,0,https://res.cloudinary.com/dvfuxrg12/image/upload/v1682779726/uxbqry3hlukl4hdu5f2h.png,,19.11,19.7,8,864,,,2023-05-15T07:27:55.703Z,100,9,Ahmad Khalil,2023-04-29T14:48:48.055Z,,,,,,,,,,,,,,,,,,,,,,,,,,,,,,,,,,,,,,,,,,,,,,,,,,,,,,,,,,,,,,,,,,,,,,
644d2e92f6ac4351d41d5c34,Battery,South korea,Sebang,MEGAPOWER,MF1000RA,100 AH,0,0,https://res.cloudinary.com/dvfuxrg12/image/upload/v1682779793/rez0pviklus9y0yydtnz.png,,23.7,24.07,17,1018,,,2023-05-15T07:27:55.703Z,100,0,Osama,2023-04-29T14:49:54.903Z,,,,,,,,,,,,,,,,,,,,,,,,,,,,,,,,,,,,,,,,,,,,,,,,,,,,,,,,,,,,,,,,,,,,,,
644d2eddf6ac4351d41d5c36,Battery,South korea,Sebang,MEGAPOWER,SMF N150,150 AH,0,0,https://res.cloudinary.com/dvfuxrg12/image/upload/v1682779868/fmaablfhqz1hlyrmlrb3.png,,38.91,39.59,35,128,,,2023-05-19T06:37:27.043Z,5,0,Osama,2023-04-29T14:51:09.458Z,6466239f4910284b9c65eebc,646623ba4910284b9c65eec2,646623d84910284b9c65eec8,,,,,,,,g45hg5,huyju,mnuyjm,,,,,,,,0,0,0,,,,,,,,2023-05-18T09:12:00.054Z,2023-05-18T13:09:51.036Z,1977-01-21T13:10:18.000Z,,,,,,,,our wh 2 (new),our wh 1 (old),our wh 2 (new),,,,,,,,available,available,available,,,,,,,,0,0,0,,,,,,,
644d2f00f6ac4351d41d5c3b,Battery,South korea,Sebang,MEGAPOWER,SMF N200,200 AH,0,0,https://res.cloudinary.com/dvfuxrg12/image/upload/v1682780003/jwp28ynkhrbyyxr6of5l.png,,52.42,53.33,235,50,,,2023-05-22T08:44:12.416Z,0,0,Osama,2023-04-29T14:51:44.233Z,6461e0e9a63e014a3850fbc0,64671b0092f9481e984512de,646723e034f295533013709c,,,,,,,,blxyz,jnfgbn,bl la,,,,,,,,0,1500,120,,,,,,,,2023-06-02T07:40:44.000Z,2023-05-10T06:38:03.000Z,2023-04-13T06:53:11.000Z,,,,,,,,airlink,lebanon wh,ags showroom,,,,,,,,available,available,available,,,,,,,,0,1500,120,,,,,,,
645a4e992d073e0413c72fcf,Other,India,APAR,APAR, Solar DC Cable 6mm Black, 6mm,,,https://res.cloudinary.com/dvfuxrg12/image/upload/v1683816724/vaxmixhba4ssmqykkawg.png,Black,,,60,,9,10,2023-05-15T07:27:55.703Z,,,,2023-05-09T13:46:01.812Z,,,,,,,,,,,,,,,,,,,,,,,,,,,,,,,,,,,,,,,,,,,,,,,,,,,,,,,,,,,,,,,,,,,,,,
645a4ede2d073e0413c72fd1,Other,India,APAR,APAR, Solar DC Cable 6mmRed, 6mm,0,0,https://res.cloudinary.com/dvfuxrg12/image/upload/v1683816715/ihibs33smfwy5lkbe45u.png,Red,0,0,42,,,,2023-05-17T13:36:36.970Z,,,Osama,2023-05-09T13:47:10.557Z,6464d864e7661135287ac96d,,,,,,,,,,yts22,,,,,,,,,,200,,,,,,,,,,2023-05-17T13:34:34.562Z,,,,,,,,,,azal,,,,,,,,,,available,,,,,,,,,,0,,,,,,,,,
645e3aba2d073e0413c733f7,Inverter,China,Felicity,Felicity,IVEM5048-SOLAR INVERTER  IVEM5048,5k,,,https://res.cloudinary.com/dvfuxrg12/image/upload/v1683898370/vklbb7ir9wjupw2ngtse.png,,13,13.2,140,,9,10,2023-05-22T08:44:12.442Z,,,,2023-05-12T13:10:18.209Z,6461ef8fa63e014a3850fbfe,6461f1e9a63e014a3850fc1b,6461f226a63e014a3850fc1e,64671adb92f9481e984512d3,64671aed92f9481e984512d8,,,,,,bltr4,bl55f,uuuu,258752,ghnjtgu,,,,,,0,0,0,200,1000,,,,,,2023-05-15T07:33:09.512Z,2023-05-03T08:39:46.000Z,2023-06-01T08:48:41.000Z,2023-05-25T06:38:03.000Z,2023-06-03T06:44:43.000Z,,,,,,azb,airlink,our wh 2 (new),our wh 2 (new),ags showroom,,,,,,available,available,available,available,available,,,,,,0,0,0,200,1000,,,,,
645e3af02d073e0413c733f9,Inverter,China,Felicity,Felicity,IVEM3024-SOLAR INVERTER  IVEM3024,3k,0,0,https://res.cloudinary.com/dvfuxrg12/image/upload/v1683898377/tryfzt3u0jgktdgvwqbj.png,,10,10.8,141,,,,2023-05-22T08:44:12.437Z,,,,2023-05-12T13:11:12.551Z,6461e089a63e014a3850fbbd,6461ee94a63e014a3850fbf8,6461eeb0a63e014a3850fbfb,6465da533dc53b302cfaa6bb,6467197e6b47034ba4d8e584,646719a46b47034ba4d8e7be,646719b96b47034ba4d8ea42,64671a8a92f9481e984512c1,64671aa892f9481e984512c7,64671abe92f9481e984512cd,u,bl3,blc4,bnmgkg,www1,yyy,"k,yhuk",tyyh,ytyr,kjtgk,0,0,0,0,0,0,0,200,500,100,2023-05-19T06:36:33.894Z,2023-05-15T07:33:09.510Z,2023-05-03T13:42:26.000Z,2023-05-25T07:31:19.000Z,2023-05-01T06:38:03.000Z,2023-04-30T06:38:54.000Z,2023-06-01T06:39:32.000Z,2023-04-30T06:39:53.000Z,2023-05-15T06:43:22.000Z,2023-05-31T06:43:52.000Z,azal,azal,our wh 1 (old),our wh 1 (old),our wh 1 (old),azal,airlink,azb,our wh 2 (new),azb,available,available,available,available,available,available,available,available,available,available,0,0,0,0,0,0,0,200,500,100
6465ca43596241bf902352b6,Inverter,China,Voltronic,AGS,AGS VM IV 1200-12,1.2 KW,,,https://res.cloudinary.com/dvfuxrg12/image/upload/v1684392512/v5a5ytz6qrmd30g4o4uf.png,,,6.5,6,,9,10,2023-05-29T07:21:55.813Z,,,,2023-05-18T06:48:35.623Z,64661a0d060617347cf00fe6,64661adf4910284b9c65ee7d,646888452cd1b681b83b689e,6474529322ad64d93008459a,,,,,,,kijuuy6,dewqdcew,hyhhrr,,,,,,,,999,889,1500,0,,,,,,,2023-05-18T09:12:00.047Z,2023-05-10T12:29:00.000Z,2023-06-22T08:43:50.000Z,2023-05-29T07:21:33.007Z,,,,,,,azal,our wh 2 (new),coming,azal,,,,,,,available,available,available,available,,,,,,,0,0,0,0,,,,,,
6468d39f50deda8c991c65f5,Battery,India,LUMINOUS,LUMINOUS,NRGTS 200 FNSD BTY,200 AH,20,,https://res.cloudinary.com/dvfuxrg12/image/upload/v1684591905/r4u0opgp9me9dxnyhv2v.png,,65,65.96,0,,9,10,2023-05-20T14:12:45.695Z,,,,2023-05-20T14:05:19.116Z,,,,,,,,,,,,,,,,,,,,,,,,,,,,,,,,,,,,,,,,,,,,,,,,,,,,,,,,,,,,,,,,,,,,,,
6468d40b50deda8c991c65f7,Battery,India,LUMINOUS,LUMINOUS,NRGTS 220 FNSD BTY,220 AH,20,0,https://res.cloudinary.com/dvfuxrg12/image/upload/v1684591923/kkh4muru4pmxuoeitcql.png,,70.5,71.12,0,,,,2023-05-20T14:12:54.989Z,,,,2023-05-20T14:07:07.858Z,,,,,,,,,,,,,,,,,,,,,,,,,,,,,,,,,,,,,,,,,,,,,,,,,,,,,,,,,,,,,,,,,,,,,,
646f3601223560271931881a,Inverter,China,Voltronic,AGS,AGS VM II 2500-24,2.5 KW,,,https://res.cloudinary.com/dvfuxrg12/image/upload/v1685009919/ekmuu960l8peehsljsq8.png,,,7.1,0,,9,10,2023-05-25T10:19:53.992Z,,,,2023-05-25T10:18:41.439Z,,,,,,,,,,,,,,,,,,,,,,,,,,,,,,,,,,,,,,,,,,,,,,,,,,,,,,,,,,,,,,,,,,,,,,
6470a1262235602719319258,Battery,South korea,Sebang,ROCKET,SMF 40B19L,30 AH,,,https://res.cloudinary.com/dvfuxrg12/image/upload/v1685103534/qeeimkuvk4b9mctti3fb.png,,9.2,9.3,0,,9,10,2023-05-26T12:18:56.053Z,,,,2023-05-26T12:08:06.436Z,,,,,,,,,,,,,,,,,,,,,,,,,,,,,,,,,,,,,,,,,,,,,,,,,,,,,,,,,,,,,,,,,,,,,,
6470a1f6223560271931925d,Battery,South korea,Sebang,ROCKET,SMF55559,55 AH,,,https://res.cloudinary.com/dvfuxrg12/image/upload/v1685103544/s1oytkyjhvcmarahmhmm.png,,14.1,14.3,8,,9,10,2023-06-01T13:29:57.745Z,,,,2023-05-26T12:11:34.986Z,647895cb7ce50cbebb6be7e4,647895db7ce50cbebb6be7e8,647896047ce50cbebb6be7ec,,,,,,,,,,,,,,,,,,0,0,0,,,,,,,,2023-06-01T12:57:24.191Z,2023-06-01T12:57:46.632Z,2023-06-01T12:58:01.993Z,,,,,,,,azal,azal,,,,,,,,,available,available,available,,,,,,,,0,0,0,,,,,,,
6470a23a223560271931925f,Battery,South korea,Sebang,ROCKET,SMF 60032 L,100 AH,0,0,https://res.cloudinary.com/dvfuxrg12/image/upload/v1685103679/lcgbgpiuvyolzjwz3dab.png,,21.3,22,0,,,,2023-05-26T12:21:21.332Z,,,,2023-05-26T12:12:42.738Z,,,,,,,,,,,,,,,,,,,,,,,,,,,,,,,,,,,,,,,,,,,,,,,,,,,,,,,,,,,,,,,,,,,,,,
647af9e72c73a7f0e6d77449,Solar,China,Longi,Himo 5,LR5-72HBD,540 W,31,0,https://res.cloudinary.com/dvfuxrg12/image/upload/v1685780936/rk10oqca5v9h82fqwave.png,Advanced module technology  delivers superior module efficiency .,0.0598148,0.0633213,0,,0,0,2023-06-03T08:29:27.728Z,,,,2023-06-03T08:29:27.728Z,,,,,,,,,,,,,,,,,,,,,,,,,,,,,,,,,,,,,,,,,,,,,,,,,,,,,,,,,,,,,,,,,,,,,,
647d8715fa877a30fb3f0d78,Solar,China,Longi,Himo 5,LR5-72HBD,545 W,31,0,https://res.cloudinary.com/dvfuxrg12/image/upload/v1685780936/rk10oqca5v9h82fqwave.png,Advanced module technology  delivers superior module efficiency .,0.0598148,0.0633213,0,,0,0,2023-06-05T07:13:04.766Z,,,,2023-06-03T08:29:27.728Z,,,,,,,,,,,,,,,,,,,,,,,,,,,,,,,,,,,,,,,,,,,,,,,,,,,,,,,,,,,,,,,,,,,,,,
647dadf4fbfc584d7fa76054,Inverter,China,Voltronic,AGS,AGS VM III 4K TWIN,4 KW,,10,https://res.cloudinary.com/dvfuxrg12/image/upload/v1685958126/yjxvayubnvlqodohysvf.jpg,10,9,9,3,10,9,10,2023-06-07T06:49:20.835Z,,,,2023-06-05T09:42:12.257Z,648028253645bd3ca4d5899b,648028583645bd3ca4d589a1,648028703645bd3ca4d589a7,,,,,,,,1234,12345,tyui,,,,,,,,400,200,100,,,,,,,,2023-06-15T06:45:36.000Z,2023-06-02T06:48:05.000Z,2023-06-03T06:48:55.000Z,,,,,,,,ags showroom,azb,airlink,,,,,,,,available,available,available,,,,,,,,0,0,0,,,,,,,
647dc419fbfc584d7fa7612c,Battery,India,Exide,EXIDE,CEIL EP,12V-7.5,450,0,https://res.cloudinary.com/dvfuxrg12/image/upload/v1685963788/i4fn0l6htnfzz2qkkfza.png,y,2.6,2.69,9,0,9,10,2023-06-08T09:26:25.277Z,,,,2023-06-05T11:16:41.748Z,647f048ceeb72955ce672464,647f0497eeb72955ce67246a,,,,,,,,,ARAQAT AL,sdgs,,,,,,,,,100,25,,,,,,,,,2023-06-06T06:22:31.455Z,2023-06-06T06:24:21.645Z,,,,,,,,,azal,our wh 1 (old),,,,,,,,,available,available,,,,,,,,,0,0,,,,,,,,
647f3fba780586771ffa01ef,Battery,South korea,Sebang,ROCKET,SMF 57412,74 AH,90,,https://res.cloudinary.com/dvfuxrg12/image/upload/v1686060984/vawipmxrqzingzacfakt.png,,17,17.2,4,,9,10,2023-06-08T09:14:30.337Z,,,,2023-06-06T14:16:26.601Z,648027cc3645bd3ca4d58989,648027e93645bd3ca4d5898f,648027ff3645bd3ca4d58994,,,,,,,,qwer1,qwer2,qwer3,,,,,,,,500,4000,1000,,,,,,,,2023-06-01T06:45:36.000Z,2023-05-31T06:46:35.000Z,2023-06-07T06:47:05.755Z,,,,,,,,our wh 1 (old),azal,our wh 1 (old),,,,,,,,available,available,available,,,,,,,,0,0,0,,,,,,,
64848595f1ea6cd29459294c,Battery,South korea,DN Automotive,DTR,MF 60044 DTR ,100 AH,72,0,,,22.48,23.15,0,,9,10,2023-06-10T14:15:49.865Z,,,,2023-06-10T14:15:49.865Z,,,,,,,,,,,,,,,,,,,,,,,,,,,,,,,,,,,,,,,,,,,,,,,,,,,,,,,,,,,,,,,,,,,,,,
6484865af1ea6cd29459294e,Battery,South korea,Sebang,SUPREME,SMF 105D31R,90 AH,72,0,,,19.3,20.08,0,,,,2023-06-10T14:19:06.016Z,,,,2023-06-10T14:19:06.016Z,,,,,,,,,,,,,,,,,,,,,,,,,,,,,,,,,,,,,,,,,,,,,,,,,,,,,,,,,,,,,,,,,,,,,,
